PUMA7CE,GEOID,AFACT
0100100,01033,0.297872
0100100,01059,0.191489
0100100,01077,0.468085
0100100,01093,0.042553
0100200,01083,0.551724
0100200,01089,0.448276
0100301,01089,1.0
0100302,01089,1.0
0100400,01049,0.56
0100400,01071,0.44
0100500,01089,0.181818
0100500,01095,0.818182
0100600,01079,0.25
0100600,01103,0.75
0100700,01043,0.72
0100700,01133,0.28
0100800,01009,0.409091
0100800,01115,0.590909
0100900,01055,1.0
0101000,01019,0.142857
0101000,01027,0.095238
0101000,01029,0.095238
0101000,01111,0.142857
0101000,01121,0.52381
0101100,01015,1.0
0101200,01117,1.0
0101301,01073,1.0
0101302,01073,1.0
0101303,01073,1.0
0101304,01073,1.0
0101305,01073,1.0
0101400,01057,0.15625
0101400,01075,0.09375
0101400,01093,0.1875
0101400,01127,0.5625
0101500,01107,0.227273
0101500,01125,0.772727
0101600,01125,1.0
0101700,01007,0.097561
0101700,01047,0.365854
0101700,01063,0.073171
0101700,01065,0.146341
0101700,01091,0.146341
0101700,01105,0.073171
0101700,01119,0.097561
0101800,01017,0.290323
0101800,01021,0.290323
0101800,01037,0.096774
0101800,01123,0.322581
0101900,01081,1.0
0102000,01101,1.0
0102100,01001,0.292683
0102100,01051,0.365854
0102100,01085,0.097561
0102100,01101,0.243902
0102200,01023,0.093023
0102200,01025,0.209302
0102200,01035,0.116279
0102200,01053,0.209302
0102200,01099,0.162791
0102200,01129,0.116279
0102200,01131,0.093023
0102300,01013,0.209302
0102300,01031,0.325581
0102300,01039,0.325581
0102300,01041,0.139535
0102400,01005,0.2
0102400,01011,0.066667
0102400,01087,0.266667
0102400,01109,0.177778
0102400,01113,0.288889
0102500,01045,0.291667
0102500,01061,0.125
0102500,01067,0.125
0102500,01069,0.458333
0102600,01003,1.0
0102701,01097,1.0
0102702,01097,1.0
0102703,01097,1.0
0200101,02020,1.0
0200102,02020,1.0
0200200,02122,0.351351
0200200,02170,0.648649
0200300,02068,0.027027
0200300,02090,0.513514
0200300,02100,0.027027
0200300,02110,0.162162
0200300,02130,0.108108
0200300,02230,0.027027
0200300,02240,0.054054
0200300,02261,0.081081
0200400,02013,0.026316
0200400,02016,0.052632
0200400,02050,0.078947
0200400,02060,0.026316
0200400,02070,0.052632
0200400,02105,0.052632
0200400,02150,0.131579
0200400,02164,0.026316
0200400,02180,0.052632
0200400,02185,0.078947
0200400,02188,0.052632
0200400,02195,0.026316
0200400,02198,0.105263
0200400,02220,0.052632
0200400,02270,0.026316
0200400,02275,0.026316
0200400,02282,0.026316
0200400,02290,0.105263
0400100,04013,1.0
0400101,04013,1.0
0400102,04013,1.0
0400103,04013,1.0
0400104,04013,1.0
0400105,04013,1.0
0400106,04013,1.0
0400107,04013,1.0
0400108,04013,1.0
0400109,04013,1.0
0400110,04013,1.0
0400111,04013,1.0
0400112,04013,1.0
0400113,04013,1.0
0400114,04013,1.0
0400115,04013,1.0
0400116,04013,1.0
0400117,04013,1.0
0400118,04013,1.0
0400119,04013,1.0
0400120,04013,1.0
0400121,04013,1.0
0400122,04013,1.0
0400123,04013,1.0
0400124,04013,1.0
0400125,04013,1.0
0400126,04013,1.0
0400127,04013,1.0
0400128,04013,1.0
0400129,04013,1.0
0400130,04013,1.0
0400131,04013,1.0
0400132,04013,1.0
0400133,04013,1.0
0400134,04013,1.0
0400201,04019,1.0
0400202,04019,1.0
0400203,04019,1.0
0400204,04019,1.0
0400205,04019,1.0
0400206,04019,1.0
0400207,04019,1.0
0400208,04019,1.0
0400209,04019,1.0
0400300,04001,0.340426
0400300,04017,0.659574
0400400,04005,1.0
0400500,04025,1.0
0400600,04012,0.173077
0400600,04015,0.826923
0400700,04027,1.0
0400800,04007,0.5
0400800,04009,0.28125
0400800,04011,0.09375
0400800,04021,0.125
0400803,04021,1.0
0400805,04021,1.0
0400807,04021,1.0
0400900,04003,0.761905
0400900,04023,0.238095
0500100,05007,1.0
0500200,05143,1.0
0500300,05005,0.264706
0500300,05009,0.205882
0500300,05015,0.147059
0500300,05087,0.117647
0500300,05089,0.117647
0500300,05101,0.058824
0500300,05129,0.088235
0500400,05023,0.212121
0500400,05049,0.060606
0500400,05063,0.242424
0500400,05065,0.121212
0500400,05135,0.121212
0500400,05137,0.090909
0500400,05141,0.151515
0500500,05021,0.15
0500500,05031,0.375
0500500,05055,0.225
0500500,05075,0.15
0500500,05121,0.1
0500600,05031,0.058824
0500600,05035,0.588235
0500600,05093,0.352941
0500700,05037,0.1875
0500700,05077,0.125
0500700,05095,0.09375
0500700,05107,0.1875
0500700,05111,0.21875
0500700,05123,0.1875
0500800,05067,0.217391
0500800,05117,0.130435
0500800,05145,0.565217
0500800,05147,0.086957
0500900,05119,1.0
0501000,05119,1.0
0501100,05045,0.609756
0501100,05085,0.390244
0501200,05125,1.0
0501300,05029,0.1875
0501300,05071,0.1875
0501300,05105,0.09375
0501300,05115,0.34375
0501300,05149,0.1875
0501400,05033,0.297297
0501400,05131,0.702703
0501500,05047,0.12
0501500,05061,0.12
0501500,05083,0.24
0501500,05113,0.24
0501500,05127,0.12
0501500,05133,0.16
0501600,05019,0.142857
0501600,05051,0.571429
0501600,05059,0.2
0501600,05097,0.085714
0501700,05001,0.125
0501700,05053,0.125
0501700,05069,0.75
0501800,05001,0.111111
0501800,05003,0.194444
0501800,05011,0.138889
0501800,05017,0.111111
0501800,05025,0.055556
0501800,05041,0.138889
0501800,05043,0.138889
0501800,05079,0.111111
0501900,05013,0.076923
0501900,05027,0.192308
0501900,05039,0.115385
0501900,05103,0.230769
0501900,05139,0.384615
0502000,05057,0.172414
0502000,05073,0.068966
0502000,05081,0.137931
0502000,05091,0.413793
0502000,05099,0.103448
0502000,05109,0.103448
0600101,06001,1.0
0600102,06001,1.0
0600103,06001,1.0
0600104,06001,1.0
0600105,06001,1.0
0600106,06001,1.0
0600107,06001,1.0
0600108,06001,1.0
0600109,06001,1.0
0600110,06001,1.0
0600300,06003,0.021739
0600300,06005,0.195652
0600300,06009,0.217391
0600300,06027,0.130435
0600300,06043,0.130435
0600300,06051,0.065217
0600300,06109,0.23913
0600701,06007,1.0
0600702,06007,1.0
0601100,06011,0.185185
0601100,06021,0.222222
0601100,06103,0.407407
0601100,06105,0.185185
0601301,06013,1.0
0601302,06013,1.0
0601303,06013,1.0
0601304,06013,1.0
0601305,06013,1.0
0601306,06013,1.0
0601307,06013,1.0
0601308,06013,1.0
0601309,06013,1.0
0601500,06015,0.190476
0601500,06035,0.214286
0601500,06049,0.095238
0601500,06063,0.166667
0601500,06093,0.333333
0601700,06017,1.0
0601901,06019,1.0
0601902,06019,1.0
0601903,06019,1.0
0601904,06019,1.0
0601905,06019,1.0
0601906,06019,1.0
0601907,06019,1.0
0602300,06023,1.0
0602500,06025,1.0
0602901,06029,1.0
0602902,06029,1.0
0602903,06029,1.0
0602904,06029,1.0
0602905,06029,1.0
0603100,06031,1.0
0603300,06033,0.416667
0603300,06045,0.583333
0603701,06037,1.0
0603702,06037,1.0
0603703,06037,1.0
0603704,06037,1.0
0603705,06037,1.0
0603706,06037,1.0
0603707,06037,1.0
0603708,06037,1.0
0603709,06037,1.0
0603710,06037,1.0
0603711,06037,1.0
0603712,06037,1.0
0603713,06037,1.0
0603714,06037,1.0
0603715,06037,1.0
0603716,06037,1.0
0603717,06037,1.0
0603718,06037,1.0
0603719,06037,1.0
0603720,06037,1.0
0603721,06037,1.0
0603722,06037,1.0
0603723,06037,1.0
0603724,06037,1.0
0603725,06037,1.0
0603726,06037,1.0
0603727,06037,1.0
0603728,06037,1.0
0603729,06037,1.0
0603730,06037,1.0
0603731,06037,1.0
0603732,06037,1.0
0603733,06037,1.0
0603734,06037,1.0
0603735,06037,1.0
0603736,06037,1.0
0603737,06037,1.0
0603738,06037,1.0
0603739,06037,1.0
0603740,06037,1.0
0603741,06037,1.0
0603742,06037,1.0
0603743,06037,1.0
0603744,06037,1.0
0603745,06037,1.0
0603746,06037,1.0
0603747,06037,1.0
0603748,06037,1.0
0603749,06037,1.0
0603750,06037,1.0
0603751,06037,1.0
0603752,06037,1.0
0603753,06037,1.0
0603754,06037,1.0
0603755,06037,1.0
0603756,06037,1.0
0603757,06037,1.0
0603758,06037,1.0
0603759,06037,1.0
0603760,06037,1.0
0603761,06037,1.0
0603762,06037,1.0
0603763,06037,1.0
0603764,06037,1.0
0603765,06037,1.0
0603766,06037,1.0
0603767,06037,1.0
0603768,06037,1.0
0603769,06037,1.0
0603900,06039,1.0
0604101,06041,1.0
0604102,06041,1.0
0604701,06047,1.0
0604702,06047,1.0
0605301,06053,1.0
0605302,06053,1.0
0605303,06053,0.56
0605303,06069,0.44
0605500,06055,1.0
0605700,06057,0.952381
0605700,06091,0.047619
0605901,06059,1.0
0605902,06059,1.0
0605903,06059,1.0
0605904,06059,1.0
0605905,06059,1.0
0605906,06059,1.0
0605907,06059,1.0
0605908,06059,1.0
0605909,06059,1.0
0605910,06059,1.0
0605911,06059,1.0
0605912,06059,1.0
0605913,06059,1.0
0605914,06059,1.0
0605915,06059,1.0
0605916,06059,1.0
0605917,06059,1.0
0605918,06059,1.0
0606101,06061,1.0
0606102,06061,1.0
0606103,06061,1.0
0606501,06065,1.0
0606502,06065,1.0
0606503,06065,1.0
0606504,06065,1.0
0606505,06065,1.0
0606506,06065,1.0
0606507,06065,1.0
0606508,06065,1.0
0606509,06065,1.0
0606510,06065,1.0
0606511,06065,1.0
0606512,06065,1.0
0606513,06065,1.0
0606514,06065,1.0
0606515,06065,1.0
0606701,06067,1.0
0606702,06067,1.0
0606703,06067,1.0
0606704,06067,1.0
0606705,06067,1.0
0606706,06067,1.0
0606707,06067,1.0
0606708,06067,1.0
0606709,06067,1.0
0606710,06067,1.0
0606711,06067,1.0
0606712,06067,1.0
0607101,06071,1.0
0607102,06071,1.0
0607103,06071,1.0
0607104,06071,1.0
0607105,06071,1.0
0607106,06071,1.0
0607107,06071,1.0
0607108,06071,1.0
0607109,06071,1.0
0607110,06071,1.0
0607111,06071,1.0
0607112,06071,1.0
0607113,06071,1.0
0607114,06071,1.0
0607115,06071,1.0
0607301,06073,1.0
0607302,06073,1.0
0607303,06073,1.0
0607304,06073,1.0
0607305,06073,1.0
0607306,06073,1.0
0607307,06073,1.0
0607308,06073,1.0
0607309,06073,1.0
0607310,06073,1.0
0607311,06073,1.0
0607312,06073,1.0
0607313,06073,1.0
0607314,06073,1.0
0607315,06073,1.0
0607316,06073,1.0
0607317,06073,1.0
0607318,06073,1.0
0607319,06073,1.0
0607320,06073,1.0
0607321,06073,1.0
0607322,06073,1.0
0607501,06075,1.0
0607502,06075,1.0
0607503,06075,1.0
0607504,06075,1.0
0607505,06075,1.0
0607506,06075,1.0
0607507,06075,1.0
0607701,06077,1.0
0607702,06077,1.0
0607703,06077,1.0
0607704,06077,1.0
0607901,06079,1.0
0607902,06079,1.0
0608101,06081,1.0
0608102,06081,1.0
0608103,06081,1.0
0608104,06081,1.0
0608105,06081,1.0
0608106,06081,1.0
0608301,06083,1.0
0608302,06083,1.0
0608303,06083,1.0
0608501,06085,1.0
0608502,06085,1.0
0608503,06085,1.0
0608504,06085,1.0
0608505,06085,1.0
0608506,06085,1.0
0608507,06085,1.0
0608508,06085,1.0
0608509,06085,1.0
0608510,06085,1.0
0608511,06085,1.0
0608512,06085,1.0
0608513,06085,1.0
0608514,06085,1.0
0608701,06087,1.0
0608702,06087,1.0
0608900,06089,1.0
0609501,06095,1.0
0609502,06095,1.0
0609503,06095,1.0
0609701,06097,1.0
0609702,06097,1.0
0609703,06097,1.0
0609901,06099,1.0
0609902,06099,1.0
0609903,06099,1.0
0609904,06099,1.0
0610100,06101,0.6
0610100,06115,0.4
0610701,06107,1.0
0610702,06107,1.0
0610703,06107,1.0
0611101,06111,1.0
0611102,06111,1.0
0611103,06111,1.0
0611104,06111,1.0
0611105,06111,1.0
0611106,06111,1.0
0611300,06113,1.0
0800100,08011,0.030303
0800100,08017,0.030303
0800100,08025,0.030303
0800100,08039,0.060606
0800100,08061,0.030303
0800100,08063,0.090909
0800100,08073,0.060606
0800100,08075,0.181818
0800100,08087,0.242424
0800100,08095,0.060606
0800100,08115,0.030303
0800100,08121,0.060606
0800100,08123,0.030303
0800100,08125,0.060606
0800102,08069,1.0
0800103,08069,1.0
0800200,08045,0.44
0800200,08081,0.16
0800200,08103,0.08
0800200,08107,0.32
0800300,08123,1.0
0800400,08037,0.518519
0800400,08049,0.111111
0800400,08057,0.037037
0800400,08097,0.148148
0800400,08117,0.185185
0800600,08015,0.166667
0800600,08027,0.033333
0800600,08043,0.466667
0800600,08055,0.066667
0800600,08065,0.066667
0800600,08093,0.166667
0800600,08101,0.033333
0800700,08101,1.0
0800800,08003,0.114286
0800800,08009,0.057143
0800800,08021,0.057143
0800800,08023,0.057143
0800800,08071,0.171429
0800800,08079,0.028571
0800800,08089,0.2
0800800,08099,0.142857
0800800,08101,0.028571
0800800,08105,0.085714
0800800,08109,0.057143
0800801,08013,0.192308
0800801,08019,0.115385
0800801,08047,0.038462
0800801,08059,0.653846
0800802,08013,0.547619
0800802,08123,0.452381
0800803,08013,1.0
0800804,08001,0.051282
0800804,08013,0.333333
0800804,08014,0.410256
0800804,08059,0.205128
0800805,08001,0.769231
0800805,08014,0.076923
0800805,08059,0.153846
0800806,08001,1.0
0800807,08001,1.0
0800808,08005,1.0
0800809,08001,0.038462
0800809,08005,0.961538
0800810,08001,0.214286
0800810,08005,0.785714
0800811,08005,1.0
0800812,08031,1.0
0800813,08031,1.0
0800814,08031,1.0
0800815,08005,0.184211
0800815,08031,0.815789
0800816,08031,1.0
0800817,08001,0.033333
0800817,08059,0.966667
0800818,08059,1.0
0800819,08059,1.0
0800820,08005,0.78125
0800820,08059,0.21875
0800821,08035,0.75
0800821,08059,0.25
0800822,08035,1.0
0800823,08035,0.782609
0800823,08039,0.217391
0800824,08001,0.173913
0800824,08005,0.521739
0800824,08123,0.304348
0800900,08007,0.142857
0800900,08033,0.035714
0800900,08051,0.142857
0800900,08053,0.035714
0800900,08067,0.357143
0800900,08083,0.25
0800900,08111,0.035714
0801001,08077,1.0
0801002,08029,0.269231
0801002,08077,0.153846
0801002,08085,0.384615
0801002,08091,0.038462
0801002,08113,0.153846
0804101,08041,0.727273
0804101,08119,0.272727
0804102,08041,1.0
0804103,08041,1.0
0804104,08041,1.0
0804105,08041,1.0
0804106,08041,1.0
0900100,09001,1.0
0900101,09001,1.0
0900102,09001,1.0
0900103,09001,1.0
0900104,09001,1.0
0900105,09001,1.0
0900300,09003,1.0
0900301,09003,1.0
0900302,09003,1.0
0900303,09003,1.0
0900304,09003,1.0
0900305,09003,1.0
0900306,09003,1.0
0900500,09005,1.0
0900700,09007,1.0
0900900,09009,1.0
0900901,09009,1.0
0900902,09009,1.0
0900903,09009,1.0
0900904,09009,1.0
0900905,09009,1.0
0900906,09009,1.0
0901100,09011,1.0
0901101,09011,1.0
0901300,09013,1.0
0901500,09015,1.0
1000101,10003,1.0
1000102,10003,1.0
1000103,10003,1.0
1000104,10003,1.0
1000200,10001,1.0
1000300,10005,1.0
1100101,11001,1.0
1100102,11001,1.0
1100103,11001,1.0
1100104,11001,1.0
1100105,11001,1.0
1200101,12001,1.0
1200102,12001,1.0
1200500,12005,0.656716
1200500,12059,0.059701
1200500,12131,0.179104
1200500,12133,0.104478
1200901,12009,1.0
1200902,12009,1.0
1200903,12009,1.0
1200904,12009,1.0
1201101,12011,1.0
1201102,12011,1.0
1201103,12011,1.0
1201104,12011,1.0
1201105,12011,1.0
1201106,12011,1.0
1201107,12011,1.0
1201108,12011,1.0
1201109,12011,1.0
1201110,12011,1.0
1201111,12011,1.0
1201112,12011,1.0
1201113,12011,1.0
1201114,12011,1.0
1201500,12015,1.0
1201701,12017,1.0
1201900,12019,1.0
1202101,12021,1.0
1202102,12021,1.0
1202103,12021,1.0
1202300,12007,0.105263
1202300,12023,0.315789
1202300,12029,0.105263
1202300,12041,0.131579
1202300,12075,0.263158
1202300,12125,0.078947
1202700,12027,0.236842
1202700,12049,0.157895
1202700,12055,0.605263
1203101,12031,1.0
1203102,12031,1.0
1203103,12031,1.0
1203104,12031,1.0
1203105,12031,1.0
1203106,12031,1.0
1203107,12031,1.0
1203301,12033,1.0
1203302,12033,1.0
1203500,12035,0.954545
1203500,12127,0.045455
1205301,12053,1.0
1205701,12057,1.0
1205702,12057,1.0
1205703,12057,1.0
1205704,12057,1.0
1205705,12057,1.0
1205706,12057,1.0
1205707,12057,1.0
1205708,12057,1.0
1206100,12061,1.0
1206300,12013,0.068182
1206300,12037,0.136364
1206300,12039,0.204545
1206300,12045,0.090909
1206300,12063,0.25
1206300,12065,0.090909
1206300,12077,0.045455
1206300,12129,0.113636
1206901,12069,1.0
1206902,12069,0.555556
1206902,12119,0.444444
1206903,12069,0.72
1206903,12119,0.28
1207101,12071,1.0
1207102,12071,1.0
1207103,12071,1.0
1207104,12071,1.0
1207105,12071,1.0
1207300,12073,1.0
1207301,12073,1.0
1208101,12081,1.0
1208102,12081,1.0
1208103,12081,1.0
1208301,12083,1.0
1208302,12083,1.0
1208303,12083,1.0
1208500,12085,1.0
1208601,12086,1.0
1208602,12086,1.0
1208603,12086,1.0
1208604,12086,1.0
1208605,12086,1.0
1208606,12086,1.0
1208607,12086,1.0
1208608,12086,1.0
1208609,12086,1.0
1208610,12086,1.0
1208611,12086,1.0
1208612,12086,1.0
1208613,12086,1.0
1208614,12086,1.0
1208615,12086,1.0
1208616,12086,1.0
1208617,12086,1.0
1208618,12086,1.0
1208619,12086,1.0
1208620,12086,1.0
1208621,12086,1.0
1208622,12086,1.0
1208623,12086,1.0
1208624,12086,1.0
1208700,12086,0.138889
1208700,12087,0.861111
1208900,12003,0.235294
1208900,12089,0.764706
1209100,12091,1.0
1209300,12043,0.148148
1209300,12051,0.259259
1209300,12055,0.148148
1209300,12093,0.444444
1209501,12095,1.0
1209502,12095,1.0
1209503,12095,1.0
1209504,12095,1.0
1209505,12095,1.0
1209506,12095,1.0
1209507,12095,1.0
1209508,12095,1.0
1209509,12095,1.0
1209510,12095,1.0
1209701,12097,1.0
1209702,12097,1.0
1209901,12099,1.0
1209902,12099,1.0
1209903,12099,1.0
1209904,12099,1.0
1209905,12099,1.0
1209906,12099,1.0
1209907,12099,1.0
1209908,12099,1.0
1209909,12099,1.0
1209910,12099,1.0
1209911,12099,1.0
1210101,12101,1.0
1210102,12101,1.0
1210103,12101,1.0
1210104,12101,1.0
1210301,12103,1.0
1210302,12103,1.0
1210303,12103,1.0
1210304,12103,1.0
1210305,12103,1.0
1210306,12103,1.0
1210307,12103,1.0
1210308,12103,1.0
1210501,12105,1.0
1210502,12105,1.0
1210503,12105,1.0
1210504,12105,1.0
1210700,12107,0.708333
1210700,12109,0.291667
1210900,12109,1.0
1211101,12111,1.0
1211102,12111,1.0
1211300,12113,1.0
1211501,12115,1.0
1211502,12115,1.0
1211503,12115,1.0
1211701,12117,1.0
1211702,12117,1.0
1211703,12117,1.0
1211704,12117,1.0
1212100,12047,0.136364
1212100,12067,0.090909
1212100,12079,0.227273
1212100,12121,0.318182
1212100,12123,0.227273
1212701,12127,1.0
1212702,12127,1.0
1212703,12127,1.0
1212704,12127,1.0
1300100,13039,0.34375
1300100,13127,0.5
1300100,13191,0.15625
1300200,13029,0.28
1300200,13179,0.6
1300200,13183,0.12
1300300,13031,0.444444
1300300,13103,0.37037
1300300,13251,0.185185
1300401,13051,1.0
1300402,13051,1.0
1300500,13003,0.076923
1300500,13005,0.076923
1300500,13025,0.076923
1300500,13049,0.051282
1300500,13065,0.051282
1300500,13069,0.230769
1300500,13101,0.051282
1300500,13173,0.051282
1300500,13229,0.102564
1300500,13299,0.230769
1300600,13185,1.0
1300700,13017,0.151515
1300700,13019,0.181818
1300700,13027,0.151515
1300700,13075,0.121212
1300700,13155,0.060606
1300700,13277,0.272727
1300700,13287,0.060606
1300800,13071,0.384615
1300800,13275,0.423077
1300800,13321,0.192308
1300900,13095,0.84375
1300900,13177,0.15625
1301001,13121,1.0
1301002,13121,1.0
1301003,13121,1.0
1301004,13121,1.0
1301005,13121,1.0
1301006,13121,1.0
1301007,13089,0.209302
1301007,13121,0.790698
1301008,13089,1.0
1301100,13007,0.054054
1301100,13037,0.054054
1301100,13087,0.189189
1301100,13099,0.135135
1301100,13131,0.162162
1301100,13201,0.081081
1301100,13205,0.135135
1301100,13253,0.081081
1301100,13273,0.108108
1301200,13001,0.138889
1301200,13109,0.083333
1301200,13161,0.083333
1301200,13209,0.083333
1301200,13267,0.138889
1301200,13271,0.083333
1301200,13279,0.166667
1301200,13305,0.166667
1301200,13309,0.055556
1301300,13023,0.075
1301300,13043,0.075
1301300,13091,0.15
1301300,13107,0.15
1301300,13167,0.075
1301300,13175,0.325
1301300,13283,0.05
1301300,13315,0.1
1301400,13021,1.0
1301500,13153,0.884615
1301500,13235,0.115385
1301600,13009,0.230769
1301600,13079,0.076923
1301600,13169,0.153846
1301600,13207,0.128205
1301600,13225,0.153846
1301600,13237,0.128205
1301600,13289,0.051282
1301600,13319,0.076923
1301700,13053,0.086207
1301700,13215,0.913793
1301800,13061,0.022727
1301800,13081,0.136364
1301800,13093,0.068182
1301800,13145,0.113636
1301800,13193,0.090909
1301800,13197,0.045455
1301800,13239,0.022727
1301800,13243,0.045455
1301800,13249,0.045455
1301800,13259,0.045455
1301800,13261,0.181818
1301800,13263,0.068182
1301800,13269,0.068182
1301800,13307,0.045455
1301900,13035,0.103448
1301900,13171,0.103448
1301900,13231,0.137931
1301900,13255,0.413793
1301900,13293,0.241379
1302001,13089,1.0
1302002,13089,1.0
1302003,13089,1.0
1302004,13089,1.0
1302100,13077,1.0
1302200,13149,0.142857
1302200,13199,0.190476
1302200,13285,0.666667
1302300,13045,1.0
1302400,13113,1.0
1302500,13115,0.625
1302500,13143,0.15625
1302500,13233,0.21875
1302600,13047,0.323529
1302600,13055,0.176471
1302600,13083,0.117647
1302600,13295,0.382353
1302700,13313,1.0
1302800,13111,0.151515
1302800,13123,0.151515
1302800,13129,0.272727
1302800,13213,0.242424
1302800,13227,0.181818
1302900,13015,1.0
1303001,13067,1.0
1303002,13067,1.0
1303003,13067,1.0
1303004,13067,1.0
1303005,13067,1.0
1303101,13057,1.0
1303102,13057,1.0
1303200,13085,0.115385
1303200,13187,0.153846
1303200,13241,0.192308
1303200,13281,0.115385
1303200,13291,0.230769
1303200,13311,0.192308
1303300,13117,1.0
1303400,13139,1.0
1303500,13011,0.148148
1303500,13119,0.185185
1303500,13137,0.296296
1303500,13147,0.185185
1303500,13257,0.185185
1303600,13059,1.0
1303700,13105,0.178571
1303700,13133,0.25
1303700,13195,0.214286
1303700,13219,0.214286
1303700,13221,0.142857
1303800,13013,0.62069
1303800,13157,0.37931
1303900,13159,0.130435
1303900,13211,0.217391
1303900,13297,0.652174
1304000,13245,1.0
1304001,13135,1.0
1304002,13135,1.0
1304003,13135,1.0
1304004,13135,1.0
1304005,13135,1.0
1304006,13135,1.0
1304100,13073,1.0
1304200,13033,0.176471
1304200,13125,0.029412
1304200,13141,0.058824
1304200,13163,0.117647
1304200,13165,0.058824
1304200,13181,0.058824
1304200,13189,0.147059
1304200,13265,0.029412
1304200,13301,0.058824
1304200,13303,0.147059
1304200,13317,0.117647
1304300,13217,0.464286
1304300,13247,0.535714
1304400,13097,1.0
1304500,13223,1.0
1304600,13121,1.0
1305001,13063,1.0
1305002,13063,1.0
1306001,13151,1.0
1306002,13151,1.0
1500100,15005,0.035088
1500100,15007,0.298246
1500100,15009,0.666667
1500200,15001,1.0
1500301,15003,1.0
1500302,15003,1.0
1500303,15003,1.0
1500304,15003,1.0
1500305,15003,1.0
1500306,15003,1.0
1500307,15003,1.0
1500308,15003,1.0
1600100,16009,0.08
1600100,16017,0.36
1600100,16021,0.08
1600100,16055,0.08
1600100,16057,0.28
1600100,16079,0.12
1600200,16055,1.0
1600300,16003,0.0625
1600300,16015,0.03125
1600300,16023,0.03125
1600300,16033,0.03125
1600300,16035,0.0625
1600300,16037,0.03125
1600300,16049,0.15625
1600300,16059,0.09375
1600300,16061,0.09375
1600300,16069,0.3125
1600300,16085,0.09375
1600400,16001,0.263158
1600400,16027,0.210526
1600400,16045,0.157895
1600400,16075,0.210526
1600400,16087,0.157895
1600500,16027,0.8125
1600500,16073,0.1875
1600600,16001,0.2
1600600,16027,0.8
1600701,16001,1.0
1600702,16001,1.0
1600800,16001,1.0
1600900,16031,0.3
1600900,16083,0.7
1601000,16013,0.173913
1601000,16025,0.043478
1601000,16039,0.217391
1601000,16047,0.086957
1601000,16053,0.217391
1601000,16063,0.043478
1601000,16067,0.217391
1601100,16011,0.333333
1601100,16043,0.142857
1601100,16051,0.190476
1601100,16065,0.285714
1601100,16081,0.047619
1601200,16019,1.0
1601300,16005,0.6875
1601300,16007,0.0625
1601300,16011,0.03125
1601300,16029,0.0625
1601300,16041,0.0625
1601300,16071,0.03125
1601300,16077,0.0625
1700104,17015,0.153846
1700104,17085,0.153846
1700104,17103,0.230769
1700104,17195,0.461538
1700105,17161,1.0
1700202,17057,0.222222
1700202,17067,0.12963
1700202,17071,0.055556
1700202,17073,0.240741
1700202,17109,0.185185
1700202,17131,0.074074
1700202,17187,0.092593
1700300,17001,0.529412
1700300,17009,0.058824
1700300,17125,0.176471
1700300,17149,0.147059
1700300,17169,0.088235
1700401,17013,0.046512
1700401,17017,0.116279
1700401,17061,0.116279
1700401,17083,0.139535
1700401,17117,0.302326
1700401,17137,0.232558
1700401,17171,0.046512
1700501,17005,0.114286
1700501,17027,0.228571
1700501,17049,0.228571
1700501,17051,0.2
1700501,17135,0.228571
1700600,17029,0.48
1700600,17035,0.12
1700600,17041,0.2
1700600,17045,0.2
1700700,17023,0.125
1700700,17025,0.125
1700700,17033,0.1875
1700700,17079,0.09375
1700700,17101,0.15625
1700700,17159,0.15625
1700700,17191,0.15625
1700800,17003,0.081633
1700800,17047,0.061224
1700800,17059,0.040816
1700800,17065,0.061224
1700800,17069,0.040816
1700800,17087,0.081633
1700800,17127,0.081633
1700800,17151,0.040816
1700800,17153,0.040816
1700800,17165,0.183673
1700800,17181,0.102041
1700800,17185,0.081633
1700800,17193,0.102041
1700900,17055,0.255319
1700900,17077,0.297872
1700900,17145,0.12766
1700900,17199,0.319149
1701001,17081,0.261905
1701001,17121,0.285714
1701001,17133,0.142857
1701001,17157,0.214286
1701001,17189,0.095238
1701104,17163,1.0
1701105,17163,1.0
1701204,17119,1.0
1701205,17119,1.0
1701300,17167,1.0
1701500,17115,1.0
1701602,17021,0.25
1701602,17039,0.125
1701602,17107,0.2
1701602,17129,0.075
1701602,17139,0.1
1701602,17147,0.1
1701602,17173,0.15
1701701,17143,1.0
1701900,17179,1.0
1702000,17113,1.0
1702100,17019,1.0
1702200,17053,0.104167
1702200,17075,0.1875
1702200,17105,0.208333
1702200,17183,0.5
1702300,17091,1.0
1702400,17099,1.0
1702501,17011,0.227273
1702501,17095,0.363636
1702501,17123,0.113636
1702501,17155,0.045455
1702501,17175,0.045455
1702501,17203,0.204545
1702601,17037,1.0
1702700,17141,0.458333
1702700,17177,0.541667
1702801,17201,1.0
1702901,17007,0.28
1702901,17201,0.72
1703005,17089,1.0
1703007,17089,1.0
1703008,17089,1.0
1703009,17089,1.0
1703102,17197,1.0
1703105,17197,1.0
1703106,17197,1.0
1703107,17197,1.0
1703108,17197,1.0
1703202,17043,1.0
1703203,17043,1.0
1703204,17043,1.0
1703205,17043,1.0
1703207,17043,1.0
1703208,17043,1.0
1703209,17043,1.0
1703306,17097,1.0
1703307,17097,1.0
1703308,17097,1.0
1703309,17097,1.0
1703310,17097,1.0
1703401,17031,1.0
1703407,17031,1.0
1703408,17031,1.0
1703409,17031,1.0
1703410,17031,1.0
1703411,17031,1.0
1703412,17031,1.0
1703413,17031,1.0
1703414,17031,1.0
1703415,17031,1.0
1703416,17031,1.0
1703417,17031,1.0
1703418,17031,1.0
1703419,17031,1.0
1703420,17031,1.0
1703421,17031,1.0
1703422,17031,1.0
1703501,17031,1.0
1703502,17031,1.0
1703503,17031,1.0
1703504,17031,1.0
1703520,17031,1.0
1703521,17031,1.0
1703522,17031,1.0
1703523,17031,1.0
1703524,17031,1.0
1703525,17031,1.0
1703526,17031,1.0
1703527,17031,1.0
1703528,17031,1.0
1703529,17031,1.0
1703530,17031,1.0
1703531,17031,1.0
1703532,17031,1.0
1703601,17111,1.0
1703602,17111,1.0
1703700,17063,0.5
1703700,17093,0.5
1800101,18089,1.0
1800102,18089,1.0
1800103,18089,1.0
1800104,18089,1.0
1800200,18127,1.0
1800300,18091,1.0
1800401,18141,1.0
1800402,18141,1.0
1800500,18039,1.0
1800600,18033,0.25
1800600,18087,0.222222
1800600,18113,0.277778
1800600,18151,0.25
1800700,18049,0.206897
1800700,18073,0.275862
1800700,18111,0.137931
1800700,18131,0.137931
1800700,18149,0.241379
1800800,18085,0.612903
1800800,18099,0.387097
1800900,18001,0.233333
1800900,18069,0.3
1800900,18179,0.233333
1800900,18183,0.233333
1801001,18003,1.0
1801002,18003,1.0
1801003,18003,1.0
1801100,18007,0.085714
1801100,18015,0.2
1801100,18023,0.228571
1801100,18107,0.257143
1801100,18181,0.228571
1801200,18157,1.0
1801300,18017,0.314286
1801300,18067,0.571429
1801300,18159,0.114286
1801400,18053,0.470588
1801400,18103,0.294118
1801400,18169,0.235294
1801500,18009,0.125
1801500,18065,0.40625
1801500,18075,0.21875
1801500,18135,0.25
1801600,18021,0.222222
1801600,18045,0.185185
1801600,18121,0.148148
1801600,18153,0.185185
1801600,18165,0.185185
1801600,18171,0.074074
1801700,18167,1.0
1801801,18011,0.588235
1801801,18057,0.411765
1801802,18057,1.0
1801803,18057,1.0
1801900,18095,1.0
1802000,18035,1.0
1802100,18013,0.166667
1802100,18109,0.541667
1802100,18133,0.291667
1802200,18063,1.0
1802301,18097,1.0
1802302,18097,1.0
1802303,18097,1.0
1802304,18097,1.0
1802305,18097,1.0
1802306,18097,1.0
1802307,18097,1.0
1802400,18081,1.0
1802500,18059,0.5
1802500,18145,0.5
1802600,18041,0.225806
1802600,18139,0.16129
1802600,18161,0.064516
1802600,18177,0.548387
1802700,18027,0.175
1802700,18055,0.225
1802700,18093,0.25
1802700,18101,0.075
1802700,18117,0.15
1802700,18119,0.125
1802800,18105,1.0
1802900,18005,0.6
1802900,18071,0.4
1803000,18031,0.25
1803000,18077,0.291667
1803000,18079,0.25
1803000,18143,0.208333
1803100,18029,0.384615
1803100,18047,0.192308
1803100,18115,0.076923
1803100,18137,0.230769
1803100,18155,0.115385
1803200,18051,0.28
1803200,18129,0.28
1803200,18173,0.44
1803300,18163,1.0
1803400,18025,0.088235
1803400,18037,0.205882
1803400,18083,0.294118
1803400,18123,0.147059
1803400,18125,0.117647
1803400,18147,0.147059
1803500,18043,0.625
1803500,18061,0.1875
1803500,18175,0.1875
1803600,18019,1.0
1900100,19041,0.121212
1900100,19059,0.151515
1900100,19063,0.121212
1900100,19119,0.090909
1900100,19141,0.121212
1900100,19143,0.060606
1900100,19147,0.121212
1900100,19167,0.212121
1900200,19033,0.314286
1900200,19067,0.142857
1900200,19081,0.114286
1900200,19109,0.171429
1900200,19131,0.085714
1900200,19189,0.085714
1900200,19195,0.085714
1900400,19005,0.131579
1900400,19017,0.210526
1900400,19037,0.105263
1900400,19043,0.157895
1900400,19065,0.184211
1900400,19089,0.078947
1900400,19191,0.131579
1900500,19013,1.0
1900600,19023,0.113636
1900600,19069,0.068182
1900600,19075,0.090909
1900600,19079,0.113636
1900600,19083,0.136364
1900600,19091,0.090909
1900600,19187,0.272727
1900600,19197,0.113636
1900700,19019,0.142857
1900700,19055,0.095238
1900700,19061,0.619048
1900700,19097,0.142857
1900800,19031,0.15625
1900800,19045,0.375
1900800,19105,0.15625
1900800,19139,0.3125
1900900,19163,1.0
1901000,19113,1.0
1901100,19103,1.0
1901200,19011,0.21875
1901200,19095,0.125
1901200,19127,0.3125
1901200,19157,0.15625
1901200,19171,0.1875
1901300,19015,0.259259
1901300,19169,0.740741
1901400,19049,0.157895
1901400,19099,0.236842
1901400,19121,0.078947
1901400,19125,0.210526
1901400,19181,0.315789
1901500,19049,0.272727
1901500,19153,0.727273
1901600,19153,1.0
1901700,19153,1.0
1901800,19001,0.073171
1901800,19003,0.04878
1901800,19007,0.121951
1901800,19009,0.073171
1901800,19039,0.073171
1901800,19053,0.073171
1901800,19077,0.073171
1901800,19117,0.097561
1901800,19135,0.073171
1901800,19159,0.04878
1901800,19173,0.073171
1901800,19175,0.097561
1901800,19185,0.073171
1901900,19021,0.139535
1901900,19025,0.093023
1901900,19027,0.139535
1901900,19035,0.093023
1901900,19047,0.116279
1901900,19073,0.093023
1901900,19093,0.069767
1901900,19133,0.093023
1901900,19151,0.069767
1901900,19161,0.093023
1902000,19149,0.1875
1902000,19193,0.8125
1902100,19029,0.080645
1902100,19071,0.048387
1902100,19085,0.080645
1902100,19129,0.080645
1902100,19137,0.064516
1902100,19145,0.096774
1902100,19155,0.483871
1902100,19165,0.064516
1902200,19051,0.057143
1902200,19101,0.114286
1902200,19107,0.114286
1902200,19123,0.2
1902200,19177,0.057143
1902200,19179,0.314286
1902200,19183,0.142857
1902300,19057,0.366667
1902300,19087,0.166667
1902300,19111,0.366667
1902300,19115,0.1
2000100,20023,0.025
2000100,20039,0.05
2000100,20051,0.15
2000100,20063,0.05
2000100,20065,0.05
2000100,20071,0.025
2000100,20101,0.025
2000100,20109,0.025
2000100,20135,0.05
2000100,20137,0.025
2000100,20141,0.025
2000100,20147,0.075
2000100,20153,0.025
2000100,20163,0.05
2000100,20167,0.05
2000100,20171,0.025
2000100,20179,0.05
2000100,20181,0.05
2000100,20183,0.05
2000100,20193,0.05
2000100,20195,0.025
2000100,20199,0.025
2000100,20203,0.025
2000200,20027,0.044444
2000200,20029,0.088889
2000200,20041,0.133333
2000200,20053,0.044444
2000200,20089,0.044444
2000200,20105,0.022222
2000200,20117,0.088889
2000200,20123,0.044444
2000200,20131,0.066667
2000200,20143,0.044444
2000200,20157,0.066667
2000200,20169,0.266667
2000200,20201,0.044444
2000300,20061,0.307692
2000300,20149,0.153846
2000300,20161,0.538462
2000400,20005,0.148148
2000400,20043,0.111111
2000400,20087,0.148148
2000400,20103,0.592593
2000500,20209,1.0
2000601,20091,1.0
2000602,20091,1.0
2000603,20091,1.0
2000604,20091,1.0
2000700,20045,1.0
2000801,20177,1.0
2000802,20013,0.111111
2000802,20085,0.111111
2000802,20139,0.185185
2000802,20177,0.518519
2000802,20197,0.074074
2000900,20017,0.028571
2000900,20019,0.028571
2000900,20031,0.085714
2000900,20035,0.171429
2000900,20049,0.028571
2000900,20073,0.085714
2000900,20111,0.228571
2000900,20115,0.114286
2000900,20127,0.057143
2000900,20205,0.114286
2000900,20207,0.057143
2001000,20113,0.259259
2001000,20155,0.62963
2001000,20159,0.111111
2001100,20007,0.05
2001100,20009,0.2
2001100,20033,0.025
2001100,20035,0.125
2001100,20047,0.05
2001100,20077,0.075
2001100,20095,0.075
2001100,20097,0.025
2001100,20145,0.05
2001100,20151,0.075
2001100,20165,0.05
2001100,20185,0.05
2001100,20191,0.15
2001200,20025,0.025641
2001200,20055,0.307692
2001200,20057,0.179487
2001200,20067,0.051282
2001200,20069,0.051282
2001200,20075,0.025641
2001200,20081,0.025641
2001200,20083,0.025641
2001200,20093,0.025641
2001200,20119,0.051282
2001200,20129,0.025641
2001200,20175,0.128205
2001200,20187,0.025641
2001200,20189,0.051282
2001301,20079,0.2
2001301,20173,0.8
2001302,20015,0.25641
2001302,20173,0.74359
2001303,20173,1.0
2001304,20015,0.081081
2001304,20173,0.918919
2001400,20001,0.185185
2001400,20003,0.074074
2001400,20011,0.185185
2001400,20059,0.185185
2001400,20107,0.074074
2001400,20121,0.296296
2001500,20021,0.139535
2001500,20037,0.255814
2001500,20099,0.186047
2001500,20125,0.302326
2001500,20133,0.116279
2100100,21007,0.06
2100100,21035,0.18
2100100,21039,0.06
2100100,21075,0.04
2100100,21083,0.18
2100100,21105,0.02
2100100,21145,0.34
2100100,21157,0.12
2100200,21033,0.1
2100200,21055,0.133333
2100200,21107,0.4
2100200,21139,0.066667
2100200,21177,0.3
2100300,21047,0.612903
2100300,21143,0.096774
2100300,21219,0.129032
2100300,21221,0.16129
2100400,21003,0.12766
2100400,21009,0.212766
2100400,21031,0.106383
2100400,21061,0.085106
2100400,21099,0.106383
2100400,21141,0.12766
2100400,21169,0.06383
2100400,21171,0.085106
2100400,21213,0.085106
2100500,21227,1.0
2100600,21001,0.225806
2100600,21045,0.16129
2100600,21053,0.096774
2100600,21057,0.064516
2100600,21087,0.129032
2100600,21207,0.16129
2100600,21217,0.16129
2100700,21147,0.173913
2100700,21199,0.608696
2100700,21231,0.217391
2100800,21051,0.230769
2100800,21109,0.115385
2100800,21125,0.5
2100800,21203,0.153846
2100900,21013,0.25
2100900,21095,0.305556
2100900,21121,0.222222
2100900,21235,0.222222
2101000,21025,0.189189
2101000,21119,0.135135
2101000,21129,0.081081
2101000,21131,0.081081
2101000,21133,0.189189
2101000,21189,0.054054
2101000,21193,0.216216
2101000,21237,0.054054
2101100,21071,0.238095
2101100,21115,0.142857
2101100,21153,0.095238
2101100,21159,0.071429
2101100,21195,0.452381
2101200,21093,0.083333
2101200,21123,0.166667
2101200,21155,0.25
2101200,21179,0.375
2101200,21229,0.125
2101300,21027,0.146341
2101300,21085,0.170732
2101300,21093,0.487805
2101300,21163,0.195122
2101400,21101,0.37931
2101400,21149,0.103448
2101400,21183,0.241379
2101400,21225,0.137931
2101400,21233,0.137931
2101500,21059,0.884615
2101500,21091,0.115385
2101600,21029,0.692308
2101600,21211,0.153846
2101600,21215,0.153846
2101701,21111,1.0
2101702,21111,1.0
2101703,21111,1.0
2101704,21111,1.0
2101705,21111,1.0
2101706,21111,1.0
2101800,21103,0.192308
2101800,21185,0.538462
2101800,21211,0.192308
2101800,21223,0.076923
2101901,21067,1.0
2101902,21067,1.0
2102000,21005,0.172414
2102000,21073,0.37931
2102000,21167,0.172414
2102000,21239,0.275862
2102100,21021,0.269231
2102100,21079,0.153846
2102100,21113,0.346154
2102100,21137,0.230769
2102200,21065,0.16
2102200,21151,0.76
2102200,21197,0.08
2102300,21017,0.162162
2102300,21049,0.27027
2102300,21097,0.135135
2102300,21181,0.054054
2102300,21209,0.378378
2102400,21117,1.0
2102500,21015,1.0
2102600,21037,0.625
2102600,21041,0.075
2102600,21077,0.05
2102600,21081,0.1
2102600,21187,0.075
2102600,21191,0.075
2102700,21011,0.081081
2102700,21023,0.081081
2102700,21069,0.108108
2102700,21135,0.108108
2102700,21161,0.135135
2102700,21165,0.054054
2102700,21173,0.162162
2102700,21175,0.135135
2102700,21201,0.027027
2102700,21205,0.108108
2102800,21019,0.361111
2102800,21043,0.194444
2102800,21063,0.055556
2102800,21089,0.25
2102800,21127,0.138889
2200100,22017,1.0
2200101,22017,1.0
2200200,22015,0.666667
2200200,22119,0.333333
2200300,22013,0.111111
2200300,22027,0.111111
2200300,22031,0.155556
2200300,22061,0.222222
2200300,22069,0.2
2200300,22081,0.044444
2200300,22085,0.155556
2200400,22073,1.0
2200500,22021,0.0625
2200500,22035,0.0625
2200500,22041,0.125
2200500,22049,0.104167
2200500,22065,0.104167
2200500,22067,0.166667
2200500,22083,0.125
2200500,22107,0.0625
2200500,22111,0.125
2200500,22123,0.0625
2200600,22009,0.310345
2200600,22025,0.103448
2200600,22029,0.172414
2200600,22043,0.172414
2200600,22059,0.103448
2200600,22127,0.137931
2200700,22079,0.733333
2200700,22115,0.266667
2200800,22003,0.166667
2200800,22011,0.233333
2200800,22019,0.6
2200900,22019,0.722222
2200900,22023,0.083333
2200900,22053,0.194444
2201000,22039,0.296296
2201000,22097,0.703704
2201100,22001,0.48
2201100,22113,0.52
2201200,22055,1.0
2201201,22055,1.0
2201300,22045,0.363636
2201300,22099,0.25
2201300,22101,0.386364
2201400,22037,0.192308
2201400,22047,0.269231
2201400,22077,0.230769
2201400,22121,0.192308
2201400,22125,0.115385
2201500,22033,1.0
2201501,22033,1.0
2201502,22033,1.0
2201600,22005,1.0
2201700,22063,0.894737
2201700,22091,0.105263
2201800,22105,0.645161
2201800,22117,0.354839
2201900,22089,0.419355
2201900,22093,0.225806
2201900,22095,0.354839
2202000,22007,0.2
2202000,22057,0.8
2202100,22109,1.0
2202200,22103,1.0
2202201,22103,1.0
2202300,22051,1.0
2202301,22051,1.0
2202302,22051,1.0
2202400,22071,1.0
2202401,22071,1.0
2202402,22071,1.0
2202500,22051,0.307692
2202500,22075,0.230769
2202500,22087,0.461538
2300100,23003,0.631579
2300100,23029,0.368421
2300200,23007,0.176471
2300200,23017,0.333333
2300200,23021,0.156863
2300200,23025,0.333333
2300300,23019,1.0
2300400,23011,1.0
2300500,23009,0.382979
2300500,23013,0.234043
2300500,23015,0.212766
2300500,23027,0.170213
2300600,23001,1.0
2300700,23005,0.64
2300700,23023,0.36
2300800,23005,0.166667
2300800,23031,0.833333
2300900,23005,0.56
2300900,23031,0.44
2301000,23005,1.0
2400100,24001,0.766667
2400100,24023,0.233333
2400200,24043,1.0
2400301,24021,1.0
2400302,24021,1.0
2400400,24013,1.0
2400501,24005,1.0
2400502,24005,1.0
2400503,24005,1.0
2400504,24005,1.0
2400505,24005,1.0
2400506,24005,1.0
2400507,24005,1.0
2400601,24025,1.0
2400602,24025,1.0
2400700,24015,1.0
2400801,24510,1.0
2400802,24510,1.0
2400803,24510,1.0
2400804,24510,1.0
2400805,24510,1.0
2400901,24027,1.0
2400902,24027,1.0
2401001,24031,1.0
2401002,24031,1.0
2401003,24031,1.0
2401004,24031,1.0
2401005,24031,1.0
2401006,24031,1.0
2401007,24031,1.0
2401101,24033,1.0
2401102,24033,1.0
2401103,24033,1.0
2401104,24033,1.0
2401105,24033,1.0
2401106,24033,1.0
2401107,24033,1.0
2401201,24003,1.0
2401202,24003,1.0
2401203,24003,1.0
2401204,24003,1.0
2401300,24011,0.18
2401300,24019,0.2
2401300,24029,0.12
2401300,24035,0.28
2401300,24041,0.22
2401400,24039,0.181818
2401400,24045,0.431818
2401400,24047,0.386364
2401500,24009,0.513514
2401500,24037,0.486486
2401600,24017,1.0
2500100,25003,1.0
2500200,25011,0.6
2500200,25015,0.4
2500300,25027,1.0
2500301,25027,1.0
2500302,25027,1.0
2500303,25027,1.0
2500304,25027,1.0
2500400,25017,0.35
2500400,25027,0.65
2500501,25017,1.0
2500502,25017,1.0
2500503,25017,1.0
2500504,25017,1.0
2500505,25017,1.0
2500506,25017,1.0
2500507,25017,1.0
2500508,25017,1.0
2500701,25009,1.0
2500702,25009,1.0
2500703,25009,1.0
2500704,25009,1.0
2501000,25009,0.727273
2501000,25017,0.272727
2501300,25009,0.291667
2501300,25017,0.708333
2501400,25017,0.958333
2501400,25027,0.041667
2501600,25013,0.25
2501600,25015,0.75
2501900,25013,1.0
2501901,25013,1.0
2501902,25013,1.0
2502400,25017,0.428571
2502400,25021,0.238095
2502400,25027,0.333333
2502800,25009,0.185185
2502800,25017,0.814815
2503301,25025,1.0
2503302,25025,1.0
2503303,25025,1.0
2503304,25025,1.0
2503305,25025,1.0
2503306,25025,1.0
2503400,25017,0.6
2503400,25021,0.4
2503500,25017,0.285714
2503500,25021,0.714286
2503601,25021,1.0
2503602,25021,1.0
2503603,25021,1.0
2503900,25021,0.730769
2503900,25023,0.269231
2504000,25021,0.275862
2504000,25023,0.724138
2504200,25005,0.952381
2504200,25021,0.047619
2504301,25005,0.666667
2504301,25023,0.333333
2504302,25005,1.0
2504303,25005,1.0
2504500,25005,1.0
2504700,25001,1.0
2504800,25001,0.702703
2504800,25007,0.135135
2504800,25019,0.162162
2504901,25005,0.192308
2504901,25023,0.807692
2504902,25023,1.0
2504903,25023,1.0
2600100,26013,0.044776
2600100,26043,0.104478
2600100,26053,0.119403
2600100,26061,0.179104
2600100,26071,0.074627
2600100,26083,0.044776
2600100,26103,0.373134
2600100,26131,0.059701
2600200,26003,0.072727
2600200,26033,0.290909
2600200,26041,0.236364
2600200,26095,0.072727
2600200,26097,0.109091
2600200,26109,0.145455
2600200,26153,0.072727
2600300,26001,0.113208
2600300,26007,0.188679
2600300,26031,0.169811
2600300,26039,0.09434
2600300,26119,0.09434
2600300,26135,0.09434
2600300,26137,0.113208
2600300,26141,0.132075
2600400,26009,0.166667
2600400,26029,0.291667
2600400,26047,0.1875
2600400,26079,0.104167
2600400,26113,0.083333
2600400,26165,0.166667
2600500,26019,0.15
2600500,26055,0.425
2600500,26089,0.175
2600500,26101,0.25
2600600,26085,0.125
2600600,26105,0.28125
2600600,26123,0.34375
2600600,26127,0.25
2600700,26121,1.0
2600801,26139,1.0
2600802,26139,1.0
2600900,26005,1.0
2601001,26081,1.0
2601002,26081,1.0
2601003,26081,1.0
2601004,26081,1.0
2601100,26067,0.302326
2601100,26107,0.255814
2601100,26117,0.302326
2601100,26133,0.139535
2601200,26035,0.305556
2601200,26057,0.277778
2601200,26073,0.416667
2601300,26011,0.162791
2601300,26051,0.209302
2601300,26069,0.232558
2601300,26129,0.162791
2601300,26143,0.232558
2601400,26017,0.586957
2601400,26111,0.413043
2601500,26145,1.0
2601600,26063,0.325
2601600,26151,0.325
2601600,26157,0.35
2601701,26049,0.510204
2601701,26087,0.489796
2601702,26049,1.0
2601703,26049,1.0
2601704,26049,0.66
2601704,26155,0.34
2601801,26065,1.0
2601802,26065,1.0
2601900,26037,0.44
2601900,26045,0.56
2602000,26015,0.22
2602000,26025,0.78
2602101,26077,1.0
2602102,26077,1.0
2602200,26023,0.413793
2602200,26149,0.586207
2602300,26027,0.407407
2602300,26159,0.592593
2602400,26021,1.0
2602500,26059,0.342857
2602500,26091,0.657143
2602600,26075,1.0
2602701,26161,1.0
2602702,26161,1.0
2602703,26161,1.0
2602800,26093,1.0
2602901,26125,1.0
2602902,26125,1.0
2602903,26125,1.0
2602904,26125,1.0
2602905,26125,1.0
2602906,26125,1.0
2602907,26125,1.0
2602908,26125,1.0
2603001,26099,1.0
2603002,26099,1.0
2603003,26099,1.0
2603004,26099,1.0
2603005,26099,1.0
2603006,26099,1.0
2603100,26147,1.0
2603201,26163,1.0
2603202,26163,1.0
2603203,26163,1.0
2603204,26163,1.0
2603205,26163,1.0
2603206,26163,1.0
2603207,26163,1.0
2603208,26163,1.0
2603209,26163,1.0
2603210,26163,1.0
2603211,26163,1.0
2603212,26163,1.0
2603213,26163,1.0
2603300,26115,1.0
2700100,27027,0.295455
2700100,27069,0.045455
2700100,27089,0.090909
2700100,27107,0.068182
2700100,27113,0.113636
2700100,27119,0.227273
2700100,27125,0.045455
2700100,27135,0.113636
2700200,27005,0.294118
2700200,27007,0.294118
2700200,27029,0.088235
2700200,27057,0.205882
2700200,27077,0.058824
2700200,27087,0.058824
2700300,27001,0.181818
2700300,27017,0.181818
2700300,27021,0.30303
2700300,27061,0.333333
2700400,27017,0.022727
2700400,27031,0.068182
2700400,27071,0.090909
2700400,27075,0.090909
2700400,27137,0.727273
2700500,27137,1.0
2700600,27025,0.27027
2700600,27059,0.216216
2700600,27065,0.108108
2700600,27095,0.189189
2700600,27115,0.216216
2700700,27035,0.457143
2700700,27097,0.228571
2700700,27153,0.228571
2700700,27159,0.085714
2700800,27011,0.065217
2700800,27041,0.195652
2700800,27051,0.043478
2700800,27111,0.369565
2700800,27121,0.086957
2700800,27149,0.065217
2700800,27151,0.086957
2700800,27155,0.043478
2700800,27167,0.043478
2700900,27145,1.0
2701000,27009,0.45
2701000,27141,0.55
2701101,27003,1.0
2701102,27003,1.0
2701103,27003,1.0
2701201,27163,1.0
2701202,27163,1.0
2701301,27123,1.0
2701302,27123,1.0
2701303,27123,1.0
2701304,27123,1.0
2701401,27053,1.0
2701402,27053,1.0
2701403,27053,1.0
2701404,27053,1.0
2701405,27053,1.0
2701406,27053,1.0
2701407,27053,1.0
2701408,27053,1.0
2701409,27053,1.0
2701410,27053,1.0
2701501,27037,1.0
2701502,27037,1.0
2701503,27037,1.0
2701600,27139,1.0
2701700,27019,0.904762
2701700,27139,0.095238
2701800,27171,1.0
2701900,27067,0.342857
2701900,27085,0.2
2701900,27093,0.171429
2701900,27129,0.171429
2701900,27143,0.114286
2702000,27015,0.235294
2702000,27023,0.117647
2702000,27073,0.088235
2702000,27081,0.058824
2702000,27083,0.205882
2702000,27127,0.176471
2702000,27173,0.117647
2702100,27033,0.1
2702100,27043,0.15
2702100,27063,0.1
2702100,27091,0.15
2702100,27101,0.075
2702100,27105,0.15
2702100,27117,0.125
2702100,27133,0.075
2702100,27165,0.075
2702200,27013,0.571429
2702200,27103,0.25
2702200,27161,0.178571
2702300,27049,0.344828
2702300,27079,0.206897
2702300,27131,0.448276
2702400,27039,0.147059
2702400,27047,0.294118
2702400,27099,0.323529
2702400,27147,0.235294
2702500,27109,1.0
2702600,27045,0.222222
2702600,27055,0.185185
2702600,27157,0.222222
2702600,27169,0.37037
2800100,28033,1.0
2800200,28003,0.25
2800200,28009,0.071429
2800200,28093,0.214286
2800200,28117,0.178571
2800200,28139,0.142857
2800200,28141,0.142857
2800300,28027,0.25
2800300,28107,0.214286
2800300,28119,0.107143
2800300,28135,0.142857
2800300,28137,0.178571
2800300,28143,0.107143
2800400,28013,0.151515
2800400,28017,0.121212
2800400,28057,0.151515
2800400,28071,0.30303
2800400,28095,0.272727
2800500,28081,0.612903
2800500,28115,0.193548
2800500,28145,0.193548
2800600,28019,0.073171
2800600,28025,0.121951
2800600,28087,0.341463
2800600,28103,0.073171
2800600,28105,0.195122
2800600,28155,0.073171
2800600,28159,0.121951
2800700,28007,0.1875
2800700,28015,0.0625
2800700,28043,0.15625
2800700,28051,0.15625
2800700,28083,0.25
2800700,28097,0.09375
2800700,28161,0.09375
2800800,28011,0.2
2800800,28053,0.075
2800800,28055,0.025
2800800,28125,0.05
2800800,28133,0.175
2800800,28151,0.475
2800900,28089,0.714286
2800900,28163,0.285714
2801000,28049,0.777778
2801000,28089,0.222222
2801100,28049,1.0
2801200,28029,0.26087
2801200,28049,0.217391
2801200,28149,0.521739
2801300,28121,0.84375
2801300,28127,0.15625
2801400,28061,0.148148
2801400,28069,0.074074
2801400,28079,0.185185
2801400,28099,0.259259
2801400,28123,0.222222
2801400,28129,0.111111
2801500,28023,0.142857
2801500,28075,0.678571
2801500,28101,0.178571
2801600,28001,0.219512
2801600,28005,0.073171
2801600,28021,0.073171
2801600,28037,0.04878
2801600,28063,0.04878
2801600,28077,0.073171
2801600,28085,0.146341
2801600,28113,0.195122
2801600,28147,0.073171
2801600,28157,0.04878
2801700,28031,0.148148
2801700,28041,0.074074
2801700,28065,0.111111
2801700,28067,0.518519
2801700,28153,0.148148
2801800,28035,0.5
2801800,28073,0.235294
2801800,28091,0.176471
2801800,28111,0.088235
2801900,28039,0.2
2801900,28045,0.32
2801900,28109,0.36
2801900,28131,0.12
2802000,28047,1.0
2802100,28059,1.0
2900100,29005,0.051282
2900100,29061,0.051282
2900100,29075,0.051282
2900100,29079,0.102564
2900100,29081,0.076923
2900100,29087,0.076923
2900100,29115,0.128205
2900100,29117,0.128205
2900100,29129,0.051282
2900100,29147,0.128205
2900100,29171,0.051282
2900100,29211,0.076923
2900100,29227,0.025641
2900200,29003,0.129032
2900200,29021,0.806452
2900200,29063,0.064516
2900300,29001,0.166667
2900300,29045,0.071429
2900300,29103,0.047619
2900300,29111,0.095238
2900300,29121,0.119048
2900300,29127,0.190476
2900300,29137,0.071429
2900300,29173,0.071429
2900300,29197,0.047619
2900300,29199,0.047619
2900300,29205,0.071429
2900400,29007,0.25
2900400,29113,0.25
2900400,29139,0.142857
2900400,29163,0.178571
2900400,29219,0.178571
2900500,29027,0.258065
2900500,29051,0.483871
2900500,29135,0.129032
2900500,29151,0.129032
2900600,29019,1.0
2900700,29033,0.076923
2900700,29041,0.076923
2900700,29053,0.128205
2900700,29089,0.076923
2900700,29159,0.282051
2900700,29175,0.153846
2900700,29195,0.205128
2900800,29025,0.076923
2900800,29049,0.153846
2900800,29101,0.346154
2900800,29107,0.269231
2900800,29177,0.153846
2900901,29047,1.0
2900902,29047,1.0
2900903,29047,0.090909
2900903,29165,0.909091
2901001,29095,1.0
2901002,29095,1.0
2901003,29095,1.0
2901004,29095,1.0
2901005,29095,1.0
2901100,29013,0.166667
2901100,29037,0.833333
2901200,29011,0.1
2901200,29039,0.1
2901200,29057,0.066667
2901200,29083,0.2
2901200,29109,0.233333
2901200,29185,0.1
2901200,29217,0.2
2901300,29015,0.272727
2901300,29059,0.136364
2901300,29085,0.136364
2901300,29105,0.272727
2901300,29167,0.181818
2901400,29029,0.366667
2901400,29131,0.166667
2901400,29141,0.166667
2901400,29169,0.3
2901500,29055,0.214286
2901500,29065,0.142857
2901500,29073,0.178571
2901500,29125,0.107143
2901500,29161,0.357143
2901600,29071,1.0
2901701,29183,1.0
2901702,29183,1.0
2901703,29183,1.0
2901801,29189,1.0
2901802,29189,1.0
2901803,29189,1.0
2901804,29189,1.0
2901805,29189,1.0
2901806,29189,1.0
2901807,29189,1.0
2901808,29189,1.0
2901901,29510,1.0
2901902,29510,1.0
2902001,29099,1.0
2902002,29099,1.0
2902100,29157,0.2
2902100,29186,0.16
2902100,29187,0.44
2902100,29221,0.2
2902200,29017,0.103448
2902200,29031,0.551724
2902200,29201,0.344828
2902300,29069,0.294118
2902300,29133,0.117647
2902300,29143,0.176471
2902300,29155,0.176471
2902300,29207,0.235294
2902400,29023,0.344828
2902400,29035,0.068966
2902400,29093,0.137931
2902400,29123,0.103448
2902400,29179,0.068966
2902400,29181,0.137931
2902400,29223,0.137931
2902500,29067,0.115385
2902500,29091,0.307692
2902500,29149,0.115385
2902500,29153,0.076923
2902500,29203,0.076923
2902500,29215,0.153846
2902500,29229,0.153846
2902601,29043,0.482759
2902601,29077,0.241379
2902601,29225,0.275862
2902602,29077,1.0
2902603,29077,1.0
2902700,29009,0.259259
2902700,29119,0.148148
2902700,29209,0.222222
2902700,29213,0.37037
2902800,29097,0.647059
2902800,29145,0.352941
3000100,30029,0.678571
3000100,30035,0.142857
3000100,30053,0.178571
3000200,30047,0.186047
3000200,30061,0.046512
3000200,30063,0.465116
3000200,30081,0.232558
3000200,30089,0.069767
3000300,30001,0.076923
3000300,30007,0.051282
3000300,30023,0.076923
3000300,30039,0.025641
3000300,30043,0.076923
3000300,30049,0.358974
3000300,30057,0.076923
3000300,30077,0.051282
3000300,30093,0.205128
3000400,30005,0.081633
3000400,30013,0.44898
3000400,30015,0.040816
3000400,30027,0.040816
3000400,30041,0.122449
3000400,30045,0.020408
3000400,30051,0.020408
3000400,30059,0.020408
3000400,30069,0.020408
3000400,30073,0.040816
3000400,30099,0.061224
3000400,30101,0.061224
3000400,30107,0.020408
3000500,30009,0.135135
3000500,30031,0.594595
3000500,30067,0.162162
3000500,30095,0.081081
3000500,30097,0.027027
3000600,30003,0.098039
3000600,30011,0.019608
3000600,30017,0.117647
3000600,30019,0.019608
3000600,30021,0.058824
3000600,30025,0.019608
3000600,30033,0.019608
3000600,30037,0.019608
3000600,30055,0.019608
3000600,30065,0.039216
3000600,30071,0.019608
3000600,30075,0.019608
3000600,30079,0.019608
3000600,30083,0.078431
3000600,30085,0.058824
3000600,30087,0.078431
3000600,30091,0.039216
3000600,30103,0.019608
3000600,30105,0.058824
3000600,30109,0.019608
3000600,30111,0.156863
3000700,30111,1.0
3100100,31007,0.027027
3100100,31013,0.081081
3100100,31015,0.027027
3100100,31017,0.027027
3100100,31031,0.054054
3100100,31033,0.081081
3100100,31045,0.054054
3100100,31049,0.027027
3100100,31069,0.027027
3100100,31089,0.108108
3100100,31103,0.027027
3100100,31105,0.027027
3100100,31123,0.027027
3100100,31149,0.027027
3100100,31157,0.297297
3100100,31161,0.054054
3100100,31165,0.027027
3100200,31003,0.06
3100200,31011,0.04
3100200,31021,0.06
3100200,31027,0.04
3100200,31037,0.06
3100200,31039,0.06
3100200,31043,0.08
3100200,31051,0.04
3100200,31107,0.06
3100200,31119,0.18
3100200,31125,0.02
3100200,31139,0.04
3100200,31141,0.14
3100200,31167,0.04
3100200,31173,0.04
3100200,31179,0.04
3100300,31009,0.029412
3100300,31041,0.117647
3100300,31071,0.029412
3100300,31077,0.029412
3100300,31079,0.411765
3100300,31081,0.088235
3100300,31093,0.058824
3100300,31115,0.029412
3100300,31121,0.088235
3100300,31163,0.029412
3100300,31175,0.058824
3100300,31183,0.029412
3100400,31005,0.028571
3100400,31029,0.028571
3100400,31047,0.2
3100400,31057,0.028571
3100400,31063,0.028571
3100400,31065,0.028571
3100400,31073,0.028571
3100400,31075,0.028571
3100400,31085,0.028571
3100400,31087,0.028571
3100400,31091,0.028571
3100400,31101,0.085714
3100400,31111,0.228571
3100400,31113,0.028571
3100400,31117,0.028571
3100400,31135,0.028571
3100400,31145,0.085714
3100400,31171,0.028571
3100500,31001,0.264706
3100500,31019,0.323529
3100500,31035,0.058824
3100500,31061,0.058824
3100500,31083,0.029412
3100500,31099,0.058824
3100500,31129,0.058824
3100500,31137,0.088235
3100500,31181,0.058824
3100600,31023,0.068182
3100600,31059,0.045455
3100600,31067,0.159091
3100600,31095,0.068182
3100600,31097,0.045455
3100600,31127,0.045455
3100600,31131,0.113636
3100600,31133,0.022727
3100600,31143,0.045455
3100600,31147,0.068182
3100600,31151,0.090909
3100600,31159,0.090909
3100600,31169,0.045455
3100600,31185,0.090909
3100701,31025,0.24
3100701,31053,0.36
3100701,31155,0.2
3100701,31177,0.2
3100702,31153,1.0
3100801,31109,1.0
3100802,31109,1.0
3100901,31055,1.0
3100902,31055,1.0
3100903,31055,1.0
3100904,31055,1.0
3200101,32031,1.0
3200102,32031,1.0
3200103,32031,1.0
3200200,32005,0.404762
3200200,32019,0.238095
3200200,32029,0.02381
3200200,32510,0.333333
3200300,32001,0.152174
3200300,32007,0.304348
3200300,32009,0.021739
3200300,32011,0.021739
3200300,32013,0.086957
3200300,32015,0.021739
3200300,32017,0.043478
3200300,32021,0.043478
3200300,32023,0.217391
3200300,32027,0.021739
3200300,32033,0.065217
3200401,32003,1.0
3200402,32003,1.0
3200403,32003,1.0
3200404,32003,1.0
3200405,32003,1.0
3200406,32003,1.0
3200407,32003,1.0
3200408,32003,1.0
3200409,32003,1.0
3200410,32003,1.0
3200411,32003,1.0
3200412,32003,1.0
3200413,32003,1.0
3300100,33007,0.366667
3300100,33009,0.633333
3300200,33001,0.5
3300200,33003,0.333333
3300200,33013,0.166667
3300300,33003,0.033333
3300300,33015,0.133333
3300300,33017,0.833333
3300400,33013,1.0
3300500,33005,0.615385
3300500,33019,0.384615
3300600,33011,1.0
3300700,33011,0.266667
3300700,33013,0.1
3300700,33015,0.633333
3300800,33011,1.0
3300900,33011,1.0
3301000,33015,1.0
3400101,34001,1.0
3400102,34001,1.0
3400301,34003,1.0
3400302,34003,1.0
3400303,34003,1.0
3400304,34003,1.0
3400305,34003,1.0
3400306,34003,1.0
3400307,34003,1.0
3400308,34003,1.0
3400400,34031,1.0
3400501,34031,1.0
3400502,34031,1.0
3400503,34031,1.0
3400601,34017,1.0
3400602,34017,1.0
3400701,34017,1.0
3400702,34017,1.0
3400703,34017,1.0
3400800,34019,1.0
3400901,34023,1.0
3400902,34023,1.0
3400903,34023,1.0
3400904,34023,1.0
3400905,34023,1.0
3400906,34023,1.0
3400907,34023,1.0
3401001,34035,1.0
3401002,34035,1.0
3401003,34035,1.0
3401101,34025,1.0
3401102,34025,1.0
3401103,34025,1.0
3401104,34025,1.0
3401105,34025,1.0
3401106,34025,1.0
3401201,34029,1.0
3401202,34029,1.0
3401203,34029,1.0
3401204,34029,1.0
3401205,34029,1.0
3401301,34013,1.0
3401302,34013,1.0
3401401,34013,1.0
3401402,34013,1.0
3401403,34013,1.0
3401404,34013,1.0
3401501,34027,1.0
3401502,34027,1.0
3401503,34027,1.0
3401504,34027,1.0
3401600,34037,1.0
3401700,34041,1.0
3401800,34039,1.0
3401901,34039,1.0
3401902,34039,1.0
3401903,34039,1.0
3401904,34039,1.0
3402001,34005,1.0
3402002,34005,1.0
3402003,34005,1.0
3402101,34007,1.0
3402102,34007,1.0
3402103,34007,1.0
3402104,34007,1.0
3402201,34015,1.0
3402202,34015,1.0
3402301,34021,1.0
3402302,34021,1.0
3402303,34021,1.0
3402400,34011,1.0
3402500,34011,0.285714
3402500,34033,0.714286
3402600,34001,0.108108
3402600,34009,0.891892
3500100,35006,0.225806
3500100,35031,0.548387
3500100,35045,0.225806
3500200,35045,1.0
3500300,35028,0.148148
3500300,35033,0.037037
3500300,35039,0.333333
3500300,35047,0.259259
3500300,35055,0.222222
3500400,35007,0.111111
3500400,35009,0.444444
3500400,35011,0.037037
3500400,35019,0.037037
3500400,35021,0.037037
3500400,35037,0.111111
3500400,35041,0.185185
3500400,35059,0.037037
3500500,35049,1.0
3500600,35043,1.0
3500700,35001,0.28
3500700,35061,0.72
3500801,35001,1.0
3500802,35001,1.0
3500803,35001,1.0
3500804,35001,1.0
3500805,35001,1.0
3500806,35001,1.0
3500900,35003,0.032258
3500900,35017,0.258065
3500900,35023,0.064516
3500900,35029,0.193548
3500900,35051,0.129032
3500900,35053,0.193548
3500900,35057,0.129032
3501001,35013,1.0
3501002,35013,1.0
3501100,35005,0.432432
3501100,35027,0.135135
3501100,35035,0.432432
3501200,35015,0.4
3501200,35025,0.6
3600100,36089,1.0
3600200,36019,0.38
3600200,36031,0.26
3600200,36033,0.28
3600200,36041,0.08
3600300,36113,0.527778
3600300,36115,0.472222
3600401,36043,0.545455
3600401,36065,0.454545
3600402,36065,1.0
3600403,36043,0.033333
3600403,36065,0.133333
3600403,36077,0.566667
3600403,36095,0.266667
3600500,36045,0.787879
3600500,36049,0.212121
3600600,36075,1.0
3600701,36067,1.0
3600702,36067,1.0
3600703,36067,1.0
3600704,36011,0.645161
3600704,36067,0.354839
3600800,36099,0.30303
3600800,36117,0.69697
3600901,36055,1.0
3600902,36055,1.0
3600903,36055,1.0
3600904,36055,1.0
3600905,36055,1.0
3600906,36055,1.0
3601000,36037,0.576923
3601000,36073,0.423077
3601101,36063,1.0
3601102,36063,1.0
3601201,36029,1.0
3601202,36029,1.0
3601203,36029,1.0
3601204,36029,1.0
3601205,36029,1.0
3601206,36029,1.0
3601207,36029,1.0
3601300,36051,0.576923
3601300,36121,0.423077
3601400,36069,0.833333
3601400,36123,0.166667
3601500,36023,0.428571
3601500,36053,0.571429
3601600,36035,0.483871
3601600,36057,0.516129
3601700,36093,1.0
3601801,36091,1.0
3601802,36091,1.0
3601900,36083,1.0
3602001,36001,1.0
3602002,36001,1.0
3602100,36021,0.583333
3602100,36039,0.416667
3602201,36007,1.0
3602202,36007,0.615385
3602202,36107,0.384615
3602203,36007,0.103448
3602203,36017,0.413793
3602203,36025,0.482759
3602300,36109,1.0
3602401,36015,0.740741
3602401,36101,0.259259
3602402,36015,0.066667
3602402,36097,0.166667
3602402,36101,0.766667
3602500,36003,0.382353
3602500,36009,0.617647
3602600,36013,1.0
3602701,36105,0.685714
3602701,36111,0.314286
3602702,36111,1.0
3602801,36027,1.0
3602802,36027,1.0
3602901,36071,1.0
3602902,36071,1.0
3602903,36071,1.0
3603001,36087,1.0
3603002,36087,1.0
3603003,36087,1.0
3603101,36079,0.95
3603101,36119,0.05
3603102,36119,1.0
3603103,36119,1.0
3603104,36119,1.0
3603105,36119,1.0
3603106,36119,1.0
3603107,36119,1.0
3603201,36059,1.0
3603202,36059,1.0
3603203,36059,1.0
3603204,36059,1.0
3603205,36059,1.0
3603206,36059,1.0
3603207,36059,1.0
3603208,36059,1.0
3603209,36059,1.0
3603210,36059,1.0
3603211,36059,1.0
3603212,36059,1.0
3603301,36103,1.0
3603302,36103,1.0
3603303,36103,1.0
3603304,36103,1.0
3603305,36103,1.0
3603306,36103,1.0
3603307,36103,1.0
3603308,36103,1.0
3603309,36103,1.0
3603310,36103,1.0
3603311,36103,1.0
3603312,36103,1.0
3603313,36103,1.0
3603701,36005,1.0
3603702,36005,1.0
3603703,36005,1.0
3603704,36005,1.0
3603705,36005,1.0
3603706,36005,1.0
3603707,36005,1.0
3603708,36005,1.0
3603709,36005,1.0
3603710,36005,1.0
3603801,36061,1.0
3603802,36061,1.0
3603803,36061,1.0
3603804,36061,1.0
3603805,36061,1.0
3603806,36061,1.0
3603807,36061,1.0
3603808,36061,1.0
3603809,36061,1.0
3603810,36061,1.0
3603901,36085,1.0
3603902,36085,1.0
3603903,36085,1.0
3604001,36047,1.0
3604002,36047,1.0
3604003,36047,1.0
3604004,36047,1.0
3604005,36047,1.0
3604006,36047,1.0
3604007,36047,1.0
3604008,36047,1.0
3604009,36047,1.0
3604010,36047,1.0
3604011,36047,1.0
3604012,36047,1.0
3604013,36047,1.0
3604014,36047,1.0
3604015,36047,1.0
3604016,36047,1.0
3604017,36047,1.0
3604018,36047,1.0
3604101,36081,1.0
3604102,36081,1.0
3604103,36081,1.0
3604104,36081,1.0
3604105,36081,1.0
3604106,36081,1.0
3604107,36081,1.0
3604108,36081,1.0
3604109,36081,1.0
3604110,36081,1.0
3604111,36081,1.0
3604112,36081,1.0
3604113,36081,1.0
3604114,36081,1.0
3700100,37009,0.181818
3700100,37011,0.151515
3700100,37121,0.121212
3700100,37189,0.393939
3700100,37199,0.151515
3700200,37005,0.076923
3700200,37171,0.564103
3700200,37193,0.358974
3700300,37157,0.7
3700300,37169,0.3
3700400,37033,0.230769
3700400,37077,0.5
3700400,37145,0.269231
3700500,37069,0.48
3700500,37181,0.4
3700500,37185,0.12
3700600,37083,0.48
3700600,37091,0.2
3700600,37131,0.2
3700600,37185,0.12
3700700,37029,0.068966
3700700,37041,0.103448
3700700,37053,0.275862
3700700,37073,0.103448
3700700,37139,0.344828
3700700,37143,0.103448
3700800,37015,0.142857
3700800,37055,0.392857
3700800,37095,0.107143
3700800,37117,0.214286
3700800,37177,0.035714
3700800,37187,0.107143
3700900,37065,0.4375
3700900,37127,0.5625
3701000,37079,0.173913
3701000,37195,0.826087
3701100,37101,1.0
3701201,37183,1.0
3701202,37183,1.0
3701203,37183,1.0
3701204,37183,1.0
3701205,37183,1.0
3701206,37183,1.0
3701207,37183,1.0
3701208,37183,1.0
3701301,37063,1.0
3701302,37063,1.0
3701400,37135,1.0
3701500,37037,0.5
3701500,37105,0.5
3701600,37001,1.0
3701701,37081,1.0
3701702,37081,1.0
3701703,37081,1.0
3701704,37081,1.0
3701801,37067,1.0
3701802,37067,1.0
3701803,37067,1.0
3701900,37059,0.333333
3701900,37097,0.333333
3701900,37197,0.333333
3702000,37003,0.291667
3702000,37027,0.708333
3702100,37023,0.642857
3702100,37111,0.357143
3702201,37021,1.0
3702202,37021,1.0
3702300,37075,0.096774
3702300,37087,0.516129
3702300,37099,0.032258
3702300,37115,0.193548
3702300,37173,0.16129
3702400,37039,0.269231
3702400,37043,0.076923
3702400,37099,0.307692
3702400,37113,0.346154
3702500,37089,0.794118
3702500,37175,0.205882
3702600,37045,0.375
3702600,37149,0.21875
3702600,37161,0.40625
3702700,37045,0.357143
3702700,37109,0.642857
3702800,37035,1.0
3702900,37097,1.0
3703001,37071,1.0
3703002,37071,1.0
3703101,37119,1.0
3703102,37119,1.0
3703103,37119,1.0
3703104,37119,1.0
3703105,37119,1.0
3703106,37119,1.0
3703107,37119,1.0
3703108,37119,1.0
3703200,37025,1.0
3703300,37025,0.380952
3703300,37167,0.619048
3703400,37159,1.0
3703500,37057,1.0
3703600,37151,1.0
3703700,37123,0.25
3703700,37125,0.75
3703800,37085,1.0
3703900,37061,0.5
3703900,37163,0.5
3704000,37191,1.0
3704100,37103,0.130435
3704100,37107,0.652174
3704100,37133,0.217391
3704200,37147,1.0
3704300,37049,1.0
3704400,37013,0.2
3704400,37031,0.709091
3704400,37137,0.090909
3704500,37133,1.0
3704600,37129,0.333333
3704600,37141,0.666667
3704700,37129,1.0
3704800,37019,1.0
3704900,37017,0.272727
3704900,37047,0.590909
3704900,37155,0.136364
3705001,37051,1.0
3705002,37051,1.0
3705003,37051,1.0
3705100,37155,1.0
3705200,37093,0.333333
3705200,37153,0.407407
3705200,37165,0.259259
3705300,37007,0.25
3705300,37179,0.75
3705400,37179,1.0
3800100,38001,0.017241
3800100,38007,0.017241
3800100,38011,0.034483
3800100,38013,0.017241
3800100,38023,0.017241
3800100,38025,0.017241
3800100,38033,0.017241
3800100,38037,0.017241
3800100,38041,0.034483
3800100,38049,0.034483
3800100,38053,0.068966
3800100,38055,0.034483
3800100,38057,0.051724
3800100,38061,0.051724
3800100,38065,0.017241
3800100,38075,0.017241
3800100,38085,0.034483
3800100,38087,0.017241
3800100,38089,0.137931
3800100,38101,0.224138
3800100,38105,0.12069
3800200,38003,0.083333
3800200,38005,0.083333
3800200,38009,0.0625
3800200,38021,0.0625
3800200,38027,0.020833
3800200,38031,0.020833
3800200,38045,0.041667
3800200,38063,0.020833
3800200,38069,0.041667
3800200,38071,0.0625
3800200,38073,0.0625
3800200,38077,0.125
3800200,38079,0.083333
3800200,38081,0.041667
3800200,38083,0.020833
3800200,38093,0.125
3800200,38103,0.041667
3800300,38015,0.678571
3800300,38029,0.035714
3800300,38043,0.035714
3800300,38047,0.035714
3800300,38051,0.035714
3800300,38059,0.178571
3800400,38019,0.052632
3800400,38035,0.473684
3800400,38039,0.026316
3800400,38067,0.131579
3800400,38091,0.026316
3800400,38095,0.026316
3800400,38097,0.105263
3800400,38099,0.157895
3800500,38017,1.0
3900100,39039,0.3
3900100,39069,0.233333
3900100,39125,0.166667
3900100,39171,0.3
3900200,39051,0.346154
3900200,39095,0.038462
3900200,39173,0.615385
3900300,39095,0.833333
3900300,39173,0.166667
3900400,39095,1.0
3900500,39095,1.0
3900600,39095,0.310345
3900600,39123,0.448276
3900600,39173,0.241379
3900700,39043,0.558824
3900700,39143,0.441176
3900801,39093,1.0
3900802,39093,1.0
3900901,39035,1.0
3900902,39035,1.0
3900903,39035,1.0
3900904,39035,1.0
3900905,39035,1.0
3900906,39035,1.0
3900907,39035,1.0
3900908,39035,1.0
3900909,39035,1.0
3900910,39035,1.0
3901000,39085,1.0
3901100,39085,1.0
3901200,39055,0.84
3901200,39085,0.16
3901300,39007,1.0
3901400,39099,0.28125
3901400,39155,0.71875
3901500,39099,1.0
3901600,39155,1.0
3901700,39133,1.0
3901801,39153,1.0
3901802,39153,1.0
3901803,39153,1.0
3901804,39153,1.0
3901805,39153,1.0
3901900,39103,1.0
3902000,39169,1.0
3902100,39005,0.458333
3902100,39077,0.541667
3902200,39139,1.0
3902300,39033,0.393939
3902300,39147,0.424242
3902300,39175,0.181818
3902400,39063,0.65
3902400,39137,0.35
3902500,39003,1.0
3902600,39011,0.37931
3902600,39107,0.310345
3902600,39161,0.310345
3902700,39021,0.357143
3902700,39065,0.25
3902700,39091,0.392857
3902800,39083,0.333333
3902800,39101,0.5
3902800,39117,0.166667
3902900,39031,0.357143
3902900,39059,0.357143
3902900,39075,0.285714
3903000,39067,0.192308
3903000,39157,0.807692
3903100,39151,1.0
3903200,39151,1.0
3903300,39019,0.241379
3903300,39151,0.758621
3903400,39029,1.0
3903500,39013,0.465116
3903500,39081,0.534884
3903600,39111,0.148148
3903600,39115,0.148148
3903600,39121,0.111111
3903600,39167,0.592593
3903700,39119,0.76
3903700,39127,0.24
3903800,39089,1.0
3903900,39045,1.0
3904000,39041,1.0
3904101,39049,1.0
3904102,39049,1.0
3904103,39049,1.0
3904104,39049,1.0
3904105,39049,1.0
3904106,39049,1.0
3904107,39049,1.0
3904108,39049,1.0
3904109,39049,1.0
3904110,39049,1.0
3904111,39049,1.0
3904200,39097,0.342857
3904200,39129,0.371429
3904200,39159,0.285714
3904300,39023,1.0
3904400,39109,1.0
3904500,39037,0.352941
3904500,39135,0.352941
3904500,39149,0.294118
3904601,39113,1.0
3904602,39113,1.0
3904603,39113,1.0
3904604,39113,1.0
3904700,39057,1.0
3904800,39047,0.291667
3904800,39141,0.708333
3904900,39073,0.304348
3904900,39079,0.304348
3904900,39131,0.26087
3904900,39163,0.130435
3905000,39009,0.535714
3905000,39053,0.25
3905000,39105,0.214286
3905100,39087,0.444444
3905100,39145,0.555556
3905200,39001,0.25
3905200,39027,0.375
3905200,39071,0.375
3905301,39165,1.0
3905302,39165,1.0
3905401,39017,1.0
3905402,39017,1.0
3905403,39017,1.0
3905501,39061,1.0
3905502,39061,1.0
3905503,39061,1.0
3905504,39061,1.0
3905505,39061,1.0
3905506,39061,1.0
3905507,39061,1.0
3905600,39025,1.0
3905700,39015,0.391304
3905700,39025,0.608696
4000100,40035,0.111111
4000100,40041,0.2
4000100,40097,0.2
4000100,40105,0.088889
4000100,40115,0.2
4000100,40131,0.2
4000200,40001,0.217391
4000200,40021,0.391304
4000200,40135,0.391304
4000300,40023,0.104167
4000300,40061,0.083333
4000300,40077,0.0625
4000300,40079,0.25
4000300,40089,0.166667
4000300,40121,0.270833
4000300,40127,0.0625
4000400,40009,0.142857
4000400,40039,0.178571
4000400,40055,0.071429
4000400,40057,0.035714
4000400,40065,0.285714
4000400,40075,0.107143
4000400,40129,0.035714
4000400,40149,0.142857
4000500,40003,0.071429
4000500,40007,0.071429
4000500,40011,0.119048
4000500,40025,0.047619
4000500,40043,0.071429
4000500,40045,0.047619
4000500,40053,0.047619
4000500,40059,0.047619
4000500,40073,0.095238
4000500,40093,0.071429
4000500,40139,0.119048
4000500,40151,0.071429
4000500,40153,0.119048
4000601,40031,1.0
4000602,40015,0.25
4000602,40031,0.09375
4000602,40033,0.0625
4000602,40067,0.09375
4000602,40137,0.34375
4000602,40141,0.15625
4000701,40019,0.392857
4000701,40049,0.321429
4000701,40085,0.107143
4000701,40099,0.107143
4000701,40123,0.071429
4000702,40005,0.125
4000702,40013,0.34375
4000702,40029,0.0625
4000702,40069,0.09375
4000702,40095,0.125
4000702,40123,0.25
4000800,40017,1.0
4000900,40027,1.0
4001001,40109,1.0
4001002,40109,1.0
4001003,40109,1.0
4001004,40109,1.0
4001005,40109,1.0
4001006,40109,1.0
4001101,40051,0.5
4001101,40087,0.3
4001101,40125,0.2
4001102,40081,0.259259
4001102,40083,0.296296
4001102,40125,0.444444
4001201,40143,1.0
4001202,40143,1.0
4001203,40143,1.0
4001204,40037,0.285714
4001204,40113,0.119048
4001204,40143,0.595238
4001301,40131,0.542857
4001301,40145,0.457143
4001302,40091,0.157895
4001302,40101,0.421053
4001302,40111,0.263158
4001302,40145,0.157895
4001400,40047,0.444444
4001400,40071,0.407407
4001400,40103,0.148148
4001501,40037,0.146341
4001501,40063,0.121951
4001501,40107,0.097561
4001501,40119,0.414634
4001501,40133,0.219512
4001601,40037,0.111111
4001601,40113,0.222222
4001601,40117,0.185185
4001601,40147,0.481481
4100100,41001,0.1875
4100100,41059,0.46875
4100100,41061,0.25
4100100,41063,0.09375
4100200,41013,0.137931
4100200,41021,0.034483
4100200,41023,0.068966
4100200,41027,0.137931
4100200,41031,0.206897
4100200,41049,0.068966
4100200,41055,0.034483
4100200,41065,0.275862
4100200,41069,0.034483
4100300,41025,0.0625
4100300,41035,0.625
4100300,41037,0.0625
4100300,41045,0.25
4100400,41017,1.0
4100500,41007,0.244898
4100500,41009,0.204082
4100500,41041,0.367347
4100500,41057,0.183673
4100600,41003,0.461538
4100600,41043,0.538462
4100703,41039,1.0
4100704,41039,1.0
4100705,41039,1.0
4100800,41011,0.388889
4100800,41015,0.166667
4100800,41033,0.444444
4100901,41029,1.0
4100902,41029,1.0
4101000,41019,1.0
4101103,41047,1.0
4101104,41047,1.0
4101105,41047,1.0
4101200,41053,0.413793
4101200,41071,0.586207
4101301,41051,1.0
4101302,41051,1.0
4101303,41051,1.0
4101305,41051,1.0
4101314,41051,1.0
4101316,41051,1.0
4101317,41005,1.0
4101318,41005,1.0
4101319,41005,1.0
4101320,41067,1.0
4101321,41067,1.0
4101322,41067,1.0
4101323,41067,1.0
4101324,41067,1.0
4200101,42049,1.0
4200102,42049,1.0
4200200,42039,0.638889
4200200,42123,0.361111
4200300,42023,0.041667
4200300,42033,0.416667
4200300,42047,0.1875
4200300,42083,0.25
4200300,42105,0.104167
4200400,42015,0.538462
4200400,42113,0.076923
4200400,42117,0.384615
4200500,42103,0.418605
4200500,42115,0.255814
4200500,42127,0.325581
4200600,42089,1.0
4200701,42069,1.0
4200702,42069,0.774194
4200702,42131,0.225806
4200801,42079,1.0
4200802,42079,1.0
4200803,42037,0.394737
4200803,42079,0.605263
4200900,42035,0.236842
4200900,42081,0.763158
4201000,42093,0.142857
4201000,42097,0.857143
4201100,42067,0.142857
4201100,42087,0.342857
4201100,42109,0.228571
4201100,42119,0.285714
4201200,42027,1.0
4201300,42031,0.238095
4201300,42053,0.071429
4201300,42065,0.309524
4201300,42121,0.380952
4201400,42085,1.0
4201501,42007,0.125
4201501,42073,0.875
4201502,42007,1.0
4201600,42019,1.0
4201701,42003,1.0
4201702,42003,1.0
4201801,42003,1.0
4201802,42003,1.0
4201803,42003,1.0
4201804,42003,1.0
4201805,42003,1.0
4201806,42003,1.0
4201807,42003,1.0
4201900,42005,0.452381
4201900,42063,0.547619
4202001,42129,1.0
4202002,42129,1.0
4202003,42129,1.0
4202100,42021,1.0
4202200,42013,0.73913
4202200,42061,0.26087
4202301,42041,0.642857
4202301,42099,0.357143
4202302,42041,1.0
4202401,42043,1.0
4202402,42043,1.0
4202500,42075,1.0
4202600,42107,1.0
4202701,42011,1.0
4202702,42011,1.0
4202703,42011,1.0
4202801,42025,0.48
4202801,42077,0.52
4202802,42077,1.0
4202803,42077,1.0
4202901,42077,0.121951
4202901,42095,0.878049
4202902,42095,1.0
4203001,42017,1.0
4203002,42017,1.0
4203003,42017,1.0
4203004,42017,1.0
4203101,42091,1.0
4203102,42091,1.0
4203103,42091,1.0
4203104,42091,1.0
4203105,42091,1.0
4203106,42091,1.0
4203201,42101,1.0
4203202,42101,1.0
4203203,42101,1.0
4203204,42101,1.0
4203205,42101,1.0
4203206,42101,1.0
4203207,42101,1.0
4203208,42101,1.0
4203209,42101,1.0
4203210,42101,1.0
4203211,42101,1.0
4203301,42045,1.0
4203302,42045,1.0
4203303,42045,1.0
4203304,42045,1.0
4203401,42029,1.0
4203402,42029,1.0
4203403,42029,1.0
4203404,42029,1.0
4203501,42071,1.0
4203502,42071,1.0
4203503,42071,1.0
4203504,42071,1.0
4203601,42133,1.0
4203602,42133,1.0
4203603,42133,1.0
4203701,42001,0.793103
4203701,42055,0.206897
4203702,42055,1.0
4203800,42009,0.314286
4203800,42057,0.085714
4203800,42111,0.6
4203900,42051,1.0
4204001,42125,1.0
4204002,42059,0.290323
4204002,42125,0.709677
4400101,44007,1.0
4400102,44007,1.0
4400103,44007,1.0
4400104,44007,1.0
4400201,44003,1.0
4400300,44001,0.323529
4400300,44005,0.676471
4400400,44009,1.0
4500101,45073,0.348837
4500101,45077,0.651163
4500102,45045,1.0
4500103,45045,1.0
4500104,45045,1.0
4500105,45045,0.5
4500105,45059,0.5
4500200,45007,1.0
4500301,45083,1.0
4500302,45083,1.0
4500400,45021,0.317073
4500400,45023,0.268293
4500400,45071,0.195122
4500400,45087,0.219512
4500501,45091,1.0
4500502,45091,1.0
4500601,45063,0.880952
4500601,45081,0.119048
4500602,45063,1.0
4500603,45039,0.16129
4500603,45079,0.83871
4500604,45079,1.0
4500605,45017,0.130435
4500605,45055,0.652174
4500605,45079,0.217391
4500700,45025,0.322581
4500700,45057,0.451613
4500700,45069,0.225806
4500800,45027,0.226415
4500800,45061,0.132075
4500800,45085,0.433962
4500800,45089,0.207547
4500900,45031,0.326531
4500900,45041,0.673469
4501000,45033,0.206897
4501000,45043,0.517241
4501000,45067,0.275862
4501101,45051,1.0
4501102,45051,1.0
4501201,45015,0.285714
4501201,45019,0.035714
4501201,45035,0.678571
4501202,45015,0.057692
4501202,45019,0.942308
4501203,45015,0.464286
4501203,45019,0.535714
4501204,45015,0.4375
4501204,45019,0.4375
4501204,45035,0.125
4501300,45005,0.0625
4501300,45009,0.083333
4501300,45011,0.125
4501300,45029,0.208333
4501300,45049,0.104167
4501300,45075,0.416667
4501400,45013,0.891304
4501400,45053,0.108696
4501500,45003,0.846154
4501500,45037,0.153846
4501600,45001,0.26087
4501600,45047,0.608696
4501600,45065,0.130435
4600100,46019,0.051282
4600100,46033,0.051282
4600100,46063,0.025641
4600100,46081,0.128205
4600100,46093,0.128205
4600100,46103,0.589744
4600100,46105,0.025641
4600200,46007,0.055556
4600200,46017,0.027778
4600200,46023,0.083333
4600200,46031,0.055556
4600200,46041,0.055556
4600200,46047,0.055556
4600200,46053,0.055556
4600200,46055,0.027778
4600200,46065,0.111111
4600200,46069,0.027778
4600200,46071,0.055556
4600200,46075,0.027778
4600200,46085,0.055556
4600200,46095,0.027778
4600200,46113,0.083333
4600200,46117,0.027778
4600200,46119,0.027778
4600200,46121,0.055556
4600200,46123,0.055556
4600200,46137,0.027778
4600300,46013,0.195122
4600300,46021,0.02439
4600300,46025,0.02439
4600300,46029,0.170732
4600300,46037,0.073171
4600300,46039,0.04878
4600300,46045,0.04878
4600300,46049,0.02439
4600300,46051,0.04878
4600300,46057,0.04878
4600300,46089,0.02439
4600300,46091,0.02439
4600300,46107,0.02439
4600300,46109,0.097561
4600300,46115,0.073171
4600300,46129,0.04878
4600400,46003,0.026316
4600400,46005,0.157895
4600400,46009,0.052632
4600400,46011,0.157895
4600400,46015,0.052632
4600400,46035,0.105263
4600400,46043,0.026316
4600400,46059,0.052632
4600400,46061,0.026316
4600400,46067,0.078947
4600400,46073,0.026316
4600400,46077,0.052632
4600400,46079,0.078947
4600400,46097,0.026316
4600400,46101,0.052632
4600400,46111,0.026316
4600500,46027,0.090909
4600500,46083,0.242424
4600500,46087,0.060606
4600500,46099,0.30303
4600500,46125,0.060606
4600500,46127,0.090909
4600500,46135,0.151515
4600600,46083,0.085714
4600600,46099,0.914286
4700100,47033,0.128205
4700100,47045,0.205128
4700100,47053,0.358974
4700100,47095,0.051282
4700100,47131,0.25641
4700200,47005,0.121951
4700200,47017,0.195122
4700200,47079,0.219512
4700200,47083,0.073171
4700200,47085,0.121951
4700200,47183,0.268293
4700300,47125,0.886364
4700300,47161,0.113636
4700400,47021,0.230769
4700400,47043,0.25641
4700400,47081,0.153846
4700400,47147,0.358974
4700500,47165,1.0
4700600,47015,0.111111
4700600,47041,0.148148
4700600,47111,0.148148
4700600,47159,0.185185
4700600,47169,0.074074
4700600,47177,0.333333
4700700,47027,0.068966
4700700,47087,0.137931
4700700,47133,0.241379
4700700,47137,0.034483
4700700,47141,0.517241
4700800,47035,0.538462
4700800,47049,0.153846
4700800,47175,0.076923
4700800,47185,0.230769
4700900,47013,0.34375
4700900,47025,0.28125
4700900,47067,0.0625
4700900,47129,0.15625
4700900,47151,0.15625
4701000,47073,0.464286
4701000,47163,0.535714
4701100,47163,1.0
4701200,47019,0.414634
4701200,47059,0.365854
4701200,47091,0.121951
4701200,47171,0.097561
4701300,47179,1.0
4701400,47029,0.346154
4701400,47057,0.192308
4701400,47063,0.461538
4701500,47089,0.333333
4701500,47155,0.666667
4701601,47001,0.72
4701601,47093,0.12
4701601,47173,0.16
4701602,47093,1.0
4701603,47093,1.0
4701604,47093,1.0
4701700,47009,1.0
4701800,47105,0.357143
4701800,47123,0.25
4701800,47145,0.392857
4701900,47011,0.558824
4701900,47107,0.294118
4701900,47139,0.147059
4702001,47065,1.0
4702002,47065,1.0
4702003,47065,1.0
4702100,47007,0.12
4702100,47061,0.16
4702100,47115,0.24
4702100,47121,0.12
4702100,47143,0.24
4702100,47153,0.12
4702200,47031,0.375
4702200,47051,0.28125
4702200,47103,0.28125
4702200,47127,0.0625
4702300,47189,1.0
4702401,47149,1.0
4702402,47149,1.0
4702501,47037,1.0
4702502,47037,1.0
4702503,47037,1.0
4702504,47037,1.0
4702505,47037,1.0
4702600,47187,1.0
4702700,47003,0.28125
4702700,47117,0.1875
4702700,47119,0.53125
4702800,47055,0.296296
4702800,47099,0.407407
4702800,47101,0.074074
4702800,47135,0.074074
4702800,47181,0.148148
4702900,47039,0.114286
4702900,47069,0.171429
4702900,47071,0.171429
4702900,47075,0.171429
4702900,47077,0.171429
4702900,47109,0.2
4703000,47023,0.1
4703000,47113,0.9
4703100,47047,0.333333
4703100,47097,0.272727
4703100,47167,0.393939
4703201,47157,1.0
4703202,47157,1.0
4703203,47157,1.0
4703204,47157,1.0
4703205,47157,1.0
4703206,47157,1.0
4703207,47157,1.0
4703208,47157,1.0
4800100,48011,0.017857
4800100,48045,0.017857
4800100,48065,0.035714
4800100,48069,0.053571
4800100,48075,0.035714
4800100,48087,0.017857
4800100,48111,0.035714
4800100,48117,0.071429
4800100,48129,0.035714
4800100,48179,0.125
4800100,48191,0.017857
4800100,48195,0.035714
4800100,48205,0.017857
4800100,48211,0.017857
4800100,48233,0.125
4800100,48295,0.035714
4800100,48341,0.071429
4800100,48357,0.053571
4800100,48359,0.017857
4800100,48369,0.035714
4800100,48393,0.017857
4800100,48421,0.017857
4800100,48437,0.053571
4800100,48483,0.035714
4800200,48375,1.0
4800300,48381,1.0
4800400,48017,0.025
4800400,48079,0.025
4800400,48107,0.075
4800400,48125,0.025
4800400,48153,0.05
4800400,48169,0.025
4800400,48189,0.225
4800400,48219,0.175
4800400,48269,0.025
4800400,48279,0.125
4800400,48305,0.075
4800400,48345,0.025
4800400,48445,0.075
4800400,48501,0.05
4800501,48303,1.0
4800502,48303,1.0
4800600,48009,0.078947
4800600,48023,0.026316
4800600,48077,0.078947
4800600,48101,0.026316
4800600,48155,0.026316
4800600,48197,0.026316
4800600,48237,0.078947
4800600,48337,0.157895
4800600,48487,0.105263
4800600,48497,0.289474
4800600,48503,0.105263
4800700,48485,1.0
4800800,48097,0.186047
4800800,48147,0.209302
4800800,48181,0.604651
4800900,48231,0.633333
4800900,48397,0.366667
4801000,48119,0.04878
4801000,48159,0.073171
4801000,48223,0.219512
4801000,48277,0.292683
4801000,48343,0.073171
4801000,48387,0.097561
4801000,48449,0.195122
4801100,48037,0.72
4801100,48067,0.28
4801200,48203,0.56
4801200,48315,0.16
4801200,48459,0.28
4801300,48063,0.12
4801300,48379,0.08
4801300,48467,0.4
4801300,48499,0.4
4801400,48257,1.0
4801501,48423,1.0
4801502,48423,1.0
4801600,48183,1.0
4801700,48073,0.387097
4801700,48365,0.193548
4801700,48401,0.419355
4801800,48001,0.392857
4801800,48213,0.607143
4801901,48085,1.0
4801902,48085,1.0
4801903,48085,1.0
4801904,48085,1.0
4801905,48085,1.0
4801906,48085,1.0
4801907,48085,1.0
4802001,48121,1.0
4802002,48121,1.0
4802003,48121,1.0
4802004,48121,1.0
4802005,48121,1.0
4802006,48121,1.0
4802101,48139,1.0
4802102,48251,1.0
4802200,48143,0.275862
4802200,48221,0.344828
4802200,48363,0.310345
4802200,48425,0.068966
4802301,48113,1.0
4802302,48113,1.0
4802303,48113,1.0
4802304,48113,1.0
4802305,48113,1.0
4802306,48113,1.0
4802307,48113,1.0
4802308,48113,1.0
4802309,48113,1.0
4802310,48113,1.0
4802311,48113,1.0
4802312,48113,1.0
4802313,48113,1.0
4802314,48113,1.0
4802315,48113,1.0
4802316,48113,1.0
4802317,48113,1.0
4802318,48113,1.0
4802319,48113,1.0
4802320,48113,1.0
4802321,48113,1.0
4802322,48113,1.0
4802400,48367,1.0
4802501,48439,1.0
4802502,48439,1.0
4802503,48439,1.0
4802504,48439,1.0
4802505,48439,1.0
4802506,48439,1.0
4802507,48439,1.0
4802508,48439,1.0
4802509,48439,1.0
4802510,48439,1.0
4802511,48439,1.0
4802512,48439,1.0
4802513,48439,1.0
4802514,48439,1.0
4802515,48439,1.0
4802516,48439,1.0
4802600,48049,0.196721
4802600,48059,0.04918
4802600,48083,0.04918
4802600,48093,0.065574
4802600,48133,0.081967
4802600,48151,0.032787
4802600,48207,0.032787
4802600,48253,0.098361
4802600,48263,0.016393
4802600,48275,0.032787
4802600,48335,0.032787
4802600,48353,0.081967
4802600,48399,0.065574
4802600,48415,0.065574
4802600,48417,0.016393
4802600,48429,0.04918
4802600,48433,0.016393
4802600,48447,0.016393
4802700,48441,1.0
4802800,48033,0.027027
4802800,48081,0.054054
4802800,48095,0.027027
4802800,48105,0.027027
4802800,48115,0.108108
4802800,48173,0.027027
4802800,48227,0.27027
4802800,48235,0.027027
4802800,48267,0.054054
4802800,48307,0.081081
4802800,48317,0.054054
4802800,48319,0.054054
4802800,48327,0.027027
4802800,48383,0.027027
4802800,48413,0.027027
4802800,48431,0.027027
4802800,48435,0.027027
4802800,48461,0.054054
4802900,48451,1.0
4803000,48329,1.0
4803100,48135,1.0
4803200,48003,0.121212
4803200,48043,0.090909
4803200,48103,0.030303
4803200,48109,0.030303
4803200,48165,0.090909
4803200,48229,0.030303
4803200,48243,0.030303
4803200,48301,0.030303
4803200,48371,0.121212
4803200,48377,0.060606
4803200,48389,0.151515
4803200,48443,0.030303
4803200,48475,0.090909
4803200,48495,0.090909
4803301,48141,1.0
4803302,48141,1.0
4803303,48141,1.0
4803304,48141,1.0
4803305,48141,1.0
4803306,48141,1.0
4803400,48053,0.177778
4803400,48099,0.422222
4803400,48193,0.066667
4803400,48281,0.111111
4803400,48299,0.133333
4803400,48333,0.044444
4803400,48411,0.044444
4803501,48027,1.0
4803502,48027,1.0
4803601,48051,0.138889
4803601,48185,0.166667
4803601,48289,0.083333
4803601,48313,0.111111
4803601,48331,0.194444
4803601,48395,0.138889
4803601,48477,0.166667
4803602,48041,1.0
4803700,48035,0.142857
4803700,48145,0.122449
4803700,48161,0.142857
4803700,48217,0.22449
4803700,48293,0.163265
4803700,48349,0.204082
4803801,48309,1.0
4803802,48309,1.0
4803900,48225,0.194444
4803900,48373,0.277778
4803900,48407,0.111111
4803900,48455,0.138889
4803900,48471,0.277778
4804000,48005,0.566667
4804000,48347,0.433333
4804100,48241,0.275862
4804100,48351,0.137931
4804100,48403,0.103448
4804100,48405,0.103448
4804100,48419,0.206897
4804100,48457,0.172414
4804200,48199,0.34375
4804200,48361,0.65625
4804301,48245,1.0
4804302,48245,1.0
4804400,48071,0.333333
4804400,48291,0.666667
4804501,48339,1.0
4804502,48339,1.0
4804503,48339,1.0
4804504,48339,1.0
4804601,48201,1.0
4804602,48201,1.0
4804603,48201,1.0
4804604,48201,1.0
4804605,48201,1.0
4804606,48201,1.0
4804607,48201,1.0
4804608,48201,1.0
4804609,48201,1.0
4804610,48201,1.0
4804611,48201,1.0
4804612,48201,1.0
4804613,48201,1.0
4804614,48201,1.0
4804615,48201,1.0
4804616,48201,1.0
4804617,48201,1.0
4804618,48201,1.0
4804619,48201,1.0
4804620,48201,1.0
4804621,48201,1.0
4804622,48201,1.0
4804623,48201,1.0
4804624,48201,1.0
4804625,48201,1.0
4804626,48201,1.0
4804627,48201,1.0
4804628,48201,1.0
4804629,48201,1.0
4804630,48201,1.0
4804631,48201,1.0
4804632,48201,1.0
4804633,48201,1.0
4804634,48201,1.0
4804635,48201,1.0
4804636,48201,1.0
4804637,48201,1.0
4804638,48201,1.0
4804701,48167,1.0
4804702,48167,1.0
4804801,48039,1.0
4804802,48039,1.0
4804803,48039,1.0
4804901,48157,1.0
4804902,48157,1.0
4804903,48157,1.0
4804904,48157,1.0
4804905,48157,1.0
4805000,48015,0.153846
4805000,48089,0.128205
4805000,48321,0.282051
4805000,48473,0.153846
4805000,48481,0.282051
4805100,48021,0.344828
4805100,48055,0.275862
4805100,48149,0.241379
4805100,48287,0.137931
4805201,48491,1.0
4805202,48491,1.0
4805203,48491,1.0
4805204,48491,1.0
4805301,48453,1.0
4805302,48453,1.0
4805303,48453,1.0
4805304,48453,1.0
4805305,48453,1.0
4805306,48453,1.0
4805307,48453,1.0
4805308,48453,1.0
4805309,48453,1.0
4805400,48209,1.0
4805500,48123,0.135135
4805500,48175,0.054054
4805500,48177,0.162162
4805500,48239,0.081081
4805500,48255,0.108108
4805500,48285,0.162162
4805500,48493,0.297297
4805600,48057,0.206897
4805600,48469,0.793103
4805700,48187,1.0
4805800,48091,1.0
4805901,48029,1.0
4805902,48029,1.0
4805903,48029,1.0
4805904,48029,1.0
4805905,48029,1.0
4805906,48029,1.0
4805907,48029,1.0
4805908,48029,1.0
4805909,48029,1.0
4805910,48029,1.0
4805911,48029,1.0
4805912,48029,1.0
4805913,48029,1.0
4805914,48029,1.0
4805915,48029,1.0
4805916,48029,1.0
4806000,48031,0.086957
4806000,48171,0.217391
4806000,48259,0.26087
4806000,48265,0.434783
4806100,48013,0.333333
4806100,48019,0.208333
4806100,48163,0.125
4806100,48325,0.333333
4806200,48127,0.058824
4806200,48137,0.029412
4806200,48271,0.029412
4806200,48283,0.029412
4806200,48323,0.264706
4806200,48385,0.029412
4806200,48463,0.147059
4806200,48465,0.294118
4806200,48507,0.117647
4806301,48479,1.0
4806302,48479,1.0
4806400,48131,0.107143
4806400,48247,0.071429
4806400,48297,0.142857
4806400,48311,0.035714
4806400,48427,0.535714
4806400,48505,0.107143
4806500,48007,0.193548
4806500,48025,0.225806
4806500,48391,0.064516
4806500,48409,0.516129
4806601,48355,1.0
4806602,48355,1.0
4806603,48355,1.0
4806701,48061,1.0
4806702,48061,1.0
4806703,48061,1.0
4806801,48215,1.0
4806802,48215,1.0
4806803,48215,1.0
4806804,48215,1.0
4806805,48215,1.0
4806806,48215,1.0
4806807,48215,1.0
4806900,48047,0.086957
4806900,48249,0.304348
4806900,48261,0.086957
4806900,48273,0.26087
4806900,48489,0.26087
4903001,49003,0.5
4903001,49045,0.5
4905001,49005,0.619048
4905001,49029,0.047619
4905001,49033,0.02381
4905001,49043,0.309524
4911001,49011,1.0
4911002,49011,1.0
4913001,49007,0.178571
4913001,49009,0.035714
4913001,49013,0.107143
4913001,49015,0.107143
4913001,49019,0.071429
4913001,49037,0.142857
4913001,49047,0.214286
4913001,49051,0.142857
4921001,49001,0.064516
4921001,49017,0.064516
4921001,49021,0.258065
4921001,49023,0.064516
4921001,49025,0.064516
4921001,49027,0.096774
4921001,49031,0.032258
4921001,49039,0.16129
4921001,49041,0.16129
4921001,49055,0.032258
4935001,49035,1.0
4935002,49035,1.0
4935003,49035,1.0
4935004,49035,1.0
4935005,49035,1.0
4935006,49035,1.0
4935007,49035,1.0
4935008,49035,1.0
4935009,49035,1.0
4949001,49049,1.0
4949002,49049,1.0
4949003,49049,1.0
4949004,49049,1.0
4953001,49053,1.0
4957001,49057,1.0
4957002,49057,1.0
5000100,50007,0.744681
5000100,50011,0.212766
5000100,50013,0.042553
5000200,50005,0.204082
5000200,50009,0.061224
5000200,50015,0.142857
5000200,50019,0.204082
5000200,50023,0.387755
5000300,50017,0.217391
5000300,50025,0.391304
5000300,50027,0.391304
5000400,50001,0.238095
5000400,50003,0.285714
5000400,50021,0.47619
5101301,51013,1.0
5101302,51013,1.0
5104101,51041,1.0
5104102,51041,1.0
5104103,51041,1.0
5110701,51107,1.0
5110702,51107,1.0
5110703,51107,1.0
5151010,51027,0.132075
5151010,51051,0.075472
5151010,51105,0.113208
5151010,51167,0.132075
5151010,51169,0.113208
5151010,51185,0.207547
5151010,51195,0.207547
5151010,51720,0.018868
5151020,51021,0.041667
5151020,51035,0.145833
5151020,51077,0.104167
5151020,51173,0.1875
5151020,51191,0.270833
5151020,51197,0.125
5151020,51520,0.083333
5151020,51640,0.041667
5151040,51063,0.083333
5151040,51071,0.111111
5151040,51121,0.444444
5151040,51155,0.277778
5151040,51750,0.083333
5151044,51161,0.066667
5151044,51770,0.766667
5151044,51775,0.166667
5151045,51005,0.139535
5151045,51023,0.186047
5151045,51045,0.023256
5151045,51067,0.232558
5151045,51161,0.372093
5151045,51580,0.046512
5151080,51015,0.40625
5151080,51017,0.03125
5151080,51091,0.03125
5151080,51163,0.125
5151080,51530,0.03125
5151080,51678,0.03125
5151080,51790,0.1875
5151080,51820,0.15625
5151084,51043,0.136364
5151084,51069,0.636364
5151084,51840,0.227273
5151085,51139,0.227273
5151085,51171,0.409091
5151085,51187,0.363636
5151087,51047,0.235294
5151087,51061,0.5
5151087,51113,0.058824
5151087,51137,0.147059
5151087,51157,0.058824
5151089,51003,0.409091
5151089,51065,0.181818
5151089,51109,0.272727
5151089,51125,0.136364
5151090,51003,0.464286
5151090,51079,0.107143
5151090,51540,0.428571
5151095,51009,0.310345
5151095,51011,0.103448
5151095,51019,0.551724
5151095,51515,0.034483
5151096,51031,0.387097
5151096,51680,0.612903
5151097,51089,0.254545
5151097,51141,0.072727
5151097,51143,0.290909
5151097,51590,0.290909
5151097,51690,0.090909
5151105,51007,0.043478
5151105,51025,0.108696
5151105,51029,0.086957
5151105,51037,0.065217
5151105,51049,0.043478
5151105,51083,0.195652
5151105,51111,0.065217
5151105,51117,0.195652
5151105,51135,0.086957
5151105,51147,0.108696
5151110,51165,0.633333
5151110,51660,0.366667
5151115,51179,0.818182
5151115,51630,0.181818
5151120,51033,0.166667
5151120,51099,0.119048
5151120,51177,0.714286
5151125,51001,0.235294
5151125,51057,0.058824
5151125,51073,0.156863
5151125,51097,0.039216
5151125,51103,0.078431
5151125,51115,0.058824
5151125,51119,0.098039
5151125,51131,0.078431
5151125,51133,0.078431
5151125,51159,0.039216
5151125,51193,0.078431
5151135,51053,0.142857
5151135,51081,0.061224
5151135,51149,0.142857
5151135,51181,0.040816
5151135,51183,0.102041
5151135,51570,0.102041
5151135,51595,0.040816
5151135,51670,0.142857
5151135,51730,0.22449
5151145,51093,0.186047
5151145,51175,0.116279
5151145,51620,0.046512
5151145,51800,0.651163
5151154,51710,1.0
5151155,51710,0.184211
5151155,51740,0.815789
5151164,51810,1.0
5151165,51810,1.0
5151167,51810,1.0
5151175,51700,1.0
5151186,51650,1.0
5151206,51095,0.333333
5151206,51199,0.454545
5151206,51735,0.121212
5151206,51830,0.090909
5151215,51036,0.069767
5151215,51075,0.116279
5151215,51085,0.534884
5151215,51101,0.093023
5151215,51127,0.069767
5151215,51145,0.116279
5151224,51087,1.0
5151225,51087,1.0
5151235,51760,1.0
5151244,51153,1.0
5151245,51153,0.571429
5151245,51683,0.333333
5151245,51685,0.095238
5151246,51153,1.0
5151255,51510,1.0
5155001,51550,1.0
5155002,51550,1.0
5159301,51059,1.0
5159302,51059,1.0
5159303,51059,0.861111
5159303,51600,0.138889
5159304,51059,1.0
5159305,51059,1.0
5159306,51059,1.0
5159307,51059,1.0
5159308,51059,0.888889
5159308,51610,0.111111
5159309,51059,1.0
5310100,53073,1.0
5310200,53029,0.385965
5310200,53055,0.087719
5310200,53057,0.526316
5310300,53007,0.636364
5310300,53017,0.363636
5310400,53019,0.1
5310400,53047,0.333333
5310400,53051,0.166667
5310400,53065,0.4
5310501,53063,1.0
5310502,53063,1.0
5310503,53063,1.0
5310504,53063,1.0
5310600,53001,0.185185
5310600,53003,0.222222
5310600,53013,0.037037
5310600,53023,0.037037
5310600,53043,0.148148
5310600,53075,0.37037
5310701,53005,0.52381
5310701,53021,0.47619
5310702,53005,1.0
5310703,53005,0.347826
5310703,53021,0.130435
5310703,53071,0.521739
5310800,53025,0.666667
5310800,53037,0.333333
5310901,53077,1.0
5310902,53077,1.0
5311000,53039,0.107143
5311000,53041,0.714286
5311000,53059,0.178571
5311101,53011,1.0
5311102,53011,1.0
5311103,53011,1.0
5311104,53011,1.0
5311200,53015,0.727273
5311200,53049,0.242424
5311200,53069,0.030303
5311300,53027,0.548387
5311300,53045,0.451613
5311401,53067,1.0
5311402,53067,1.0
5311501,53053,1.0
5311502,53053,1.0
5311503,53053,1.0
5311504,53053,1.0
5311505,53053,1.0
5311506,53053,1.0
5311507,53053,1.0
5311601,53033,1.0
5311602,53033,1.0
5311603,53033,1.0
5311604,53033,1.0
5311605,53033,1.0
5311606,53033,1.0
5311607,53033,1.0
5311608,53033,1.0
5311609,53033,1.0
5311610,53033,1.0
5311611,53033,1.0
5311612,53033,1.0
5311613,53033,1.0
5311614,53033,1.0
5311615,53033,1.0
5311616,53033,1.0
5311701,53061,1.0
5311702,53061,1.0
5311703,53061,1.0
5311704,53061,1.0
5311705,53061,1.0
5311706,53061,1.0
5311801,53035,1.0
5311802,53035,1.0
5311900,53009,0.733333
5311900,53031,0.266667
5400100,54009,0.146341
5400100,54029,0.195122
5400100,54051,0.219512
5400100,54069,0.439024
5400200,54017,0.043478
5400200,54033,0.478261
5400200,54049,0.391304
5400200,54091,0.086957
5400300,54061,0.75
5400300,54077,0.25
5400400,54003,0.311111
5400400,54027,0.111111
5400400,54037,0.333333
5400400,54057,0.155556
5400400,54065,0.088889
5400500,54001,0.117647
5400500,54023,0.088235
5400500,54031,0.088235
5400500,54041,0.147059
5400500,54071,0.088235
5400500,54083,0.205882
5400500,54093,0.088235
5400500,54097,0.176471
5400600,54007,0.107143
5400600,54013,0.071429
5400600,54021,0.071429
5400600,54035,0.214286
5400600,54085,0.107143
5400600,54087,0.142857
5400600,54095,0.107143
5400600,54103,0.178571
5400700,54073,0.066667
5400700,54105,0.066667
5400700,54107,0.866667
5400800,54011,0.630435
5400800,54053,0.130435
5400800,54099,0.23913
5400900,54005,0.347826
5400900,54043,0.217391
5400900,54079,0.434783
5401000,54015,0.053571
5401000,54039,0.946429
5401100,54025,0.25
5401100,54063,0.107143
5401100,54067,0.25
5401100,54075,0.142857
5401100,54089,0.142857
5401100,54101,0.107143
5401200,54019,0.266667
5401200,54055,0.355556
5401200,54081,0.377778
5401300,54045,0.3
5401300,54047,0.266667
5401300,54059,0.233333
5401300,54109,0.2
5500100,55003,0.123077
5500100,55007,0.092308
5500100,55013,0.092308
5500100,55031,0.2
5500100,55051,0.061538
5500100,55099,0.092308
5500100,55107,0.076923
5500100,55113,0.092308
5500100,55119,0.092308
5500100,55129,0.076923
5500101,55025,1.0
5500102,55025,1.0
5500103,55025,1.0
5500200,55009,1.0
5500300,55009,1.0
5500600,55041,0.102564
5500600,55067,0.153846
5500600,55069,0.25641
5500600,55085,0.358974
5500600,55125,0.128205
5500700,55011,0.1
5500700,55023,0.12
5500700,55053,0.1
5500700,55081,0.18
5500700,55091,0.04
5500700,55093,0.16
5500700,55121,0.16
5500700,55123,0.14
5500800,55043,0.333333
5500800,55045,0.222222
5500800,55049,0.166667
5500800,55065,0.138889
5500800,55103,0.138889
5500900,55063,1.0
5501000,55021,0.48
5501000,55111,0.52
5501001,55027,0.5
5501001,55055,0.5
5501300,55029,0.277778
5501300,55037,0.055556
5501300,55075,0.361111
5501300,55083,0.305556
5501301,55061,0.2
5501301,55071,0.8
5501400,55047,0.139535
5501400,55077,0.116279
5501400,55078,0.046512
5501400,55115,0.255814
5501400,55135,0.27907
5501400,55137,0.162791
5501401,55015,0.354839
5501401,55039,0.645161
5501500,55087,1.0
5501501,55139,1.0
5501600,55073,1.0
5501601,55001,0.155556
5501601,55057,0.155556
5501601,55097,0.311111
5501601,55141,0.377778
5502400,55105,1.0
5502500,55117,1.0
5510000,55059,1.0
5520000,55089,0.404255
5520000,55131,0.595745
5530000,55101,1.0
5540101,55079,1.0
5540301,55079,1.0
5540701,55079,1.0
5541001,55079,1.0
5541002,55079,1.0
5541003,55079,1.0
5541004,55079,1.0
5541005,55079,1.0
5550000,55127,1.0
5555101,55005,0.333333
5555101,55017,0.066667
5555101,55019,0.266667
5555101,55095,0.333333
5555102,55033,0.363636
5555102,55109,0.636364
5555103,55017,0.310345
5555103,55035,0.689655
5570101,55133,1.0
5570201,55133,1.0
5570301,55133,1.0
5600100,56003,0.136364
5600100,56023,0.181818
5600100,56029,0.227273
5600100,56033,0.272727
5600100,56039,0.181818
5600200,56005,0.304348
5600200,56011,0.086957
5600200,56015,0.173913
5600200,56019,0.086957
5600200,56027,0.043478
5600200,56031,0.086957
5600200,56043,0.130435
5600200,56045,0.086957
5600300,56001,0.322581
5600300,56021,0.677419
5600400,56007,0.185185
5600400,56009,0.148148
5600400,56025,0.666667
5600500,56013,0.344828
5600500,56017,0.068966
5600500,56035,0.068966
5600500,56037,0.413793
5600500,56041,0.103448
6600100,66010,1.0
7200101,72003,0.263158
7200101,72011,0.210526
7200101,72099,0.184211
7200101,72117,0.105263
7200101,72131,0.236842
7200102,72005,0.53125
7200102,72071,0.3125
7200102,72115,0.15625
7200201,72023,0.387097
7200201,72079,0.193548
7200201,72121,0.193548
7200201,72125,0.225806
7200202,72067,0.111111
7200202,72083,0.083333
7200202,72093,0.055556
7200202,72097,0.75
7200301,72013,0.78125
7200301,72017,0.15625
7200301,72054,0.0625
7200302,72027,0.258065
7200302,72065,0.225806
7200302,72081,0.258065
7200302,72141,0.258065
7200401,72001,0.157895
7200401,72055,0.210526
7200401,72059,0.157895
7200401,72111,0.184211
7200401,72153,0.289474
7200402,72073,0.061224
7200402,72113,0.938776
7200403,72043,0.264706
7200403,72075,0.382353
7200403,72133,0.176471
7200403,72149,0.176471
7200501,72039,0.117647
7200501,72091,0.294118
7200501,72101,0.176471
7200501,72145,0.411765
7200502,72051,0.235294
7200502,72137,0.764706
7200503,72135,0.619048
7200503,72143,0.380952
7200601,72019,0.206897
7200601,72045,0.172414
7200601,72047,0.206897
7200601,72105,0.172414
7200601,72107,0.241379
7200602,72007,0.181818
7200602,72009,0.181818
7200602,72035,0.333333
7200602,72041,0.30303
7200701,72015,0.15625
7200701,72057,0.3125
7200701,72095,0.125
7200701,72109,0.15625
7200701,72123,0.25
7200801,72021,1.0
7200802,72021,1.0
7200803,72033,0.439024
7200803,72061,0.560976
7200804,72127,1.0
7200805,72127,1.0
7200806,72127,1.0
7200901,72031,1.0
7200902,72029,0.307692
7200902,72031,0.025641
7200902,72087,0.282051
7200902,72139,0.384615
7201001,72025,1.0
7201002,72063,0.275862
7201002,72077,0.206897
7201002,72085,0.206897
7201002,72129,0.310345
7201101,72037,0.131579
7201101,72049,0.052632
7201101,72053,0.263158
7201101,72089,0.157895
7201101,72119,0.315789
7201101,72147,0.078947
7201102,72069,0.481481
7201102,72103,0.185185
7201102,72151,0.333333
7800100,78010,0.5
7800100,78020,0.09375
7800100,78030,0.40625
