PUMA7CE,GEOID,AFACT
0100100,01033,0.288462
0100100,01059,0.211538
0100100,01077,0.5
0100200,01083,1.0
0100300,01079,0.261905
0100300,01103,0.738095
0100401,01089,1.0
0100402,01089,1.0
0100403,01089,1.0
0100501,01089,0.103448
0100501,01095,0.896552
0100600,01049,0.567568
0100600,01071,0.432432
0100700,01019,0.195122
0100700,01055,0.804878
0100800,01015,1.0
0100900,01009,0.4
0100900,01115,0.6
0101000,01043,0.536585
0101000,01093,0.268293
0101000,01133,0.195122
0101100,01007,0.170213
0101100,01057,0.106383
0101100,01063,0.085106
0101100,01065,0.148936
0101100,01075,0.085106
0101100,01091,0.170213
0101100,01107,0.12766
0101100,01119,0.106383
0101201,01125,1.0
0101202,01125,1.0
0101301,01073,0.393939
0101301,01127,0.606061
0101401,01073,1.0
0101402,01073,1.0
0101403,01073,1.0
0101404,01073,1.0
0101501,01117,1.0
0101502,01021,0.352941
0101502,01117,0.647059
0101600,01027,0.105263
0101600,01029,0.105263
0101600,01111,0.157895
0101600,01121,0.631579
0101700,01001,0.404762
0101700,01047,0.404762
0101700,01085,0.095238
0101700,01105,0.095238
0101801,01101,1.0
0101802,01101,1.0
0101901,01051,0.769231
0101901,01101,0.230769
0102000,01011,0.1
0102000,01017,0.225
0102000,01037,0.075
0102000,01087,0.3
0102000,01123,0.3
0102101,01081,1.0
0102201,01081,0.419355
0102201,01113,0.580645
0102300,01061,0.157895
0102300,01067,0.157895
0102300,01069,0.684211
0102400,01031,0.533333
0102400,01045,0.466667
0102500,01005,0.183673
0102500,01013,0.183673
0102500,01039,0.285714
0102500,01041,0.122449
0102500,01109,0.22449
0102600,01023,0.085106
0102600,01025,0.191489
0102600,01035,0.106383
0102600,01053,0.212766
0102600,01099,0.191489
0102600,01129,0.106383
0102600,01131,0.106383
0102701,01003,1.0
0102702,01003,1.0
0102801,01097,1.0
0102802,01097,1.0
0102803,01097,1.0
0200101,02020,1.0
0200102,02020,1.0
0200200,02122,0.368421
0200200,02170,0.631579
0200300,02063,0.04878
0200300,02066,0.02439
0200300,02068,0.02439
0200300,02090,0.536585
0200300,02100,0.02439
0200300,02110,0.146341
0200300,02130,0.121951
0200300,02230,0.02439
0200300,02240,0.04878
0200400,02013,0.027027
0200400,02016,0.054054
0200400,02050,0.081081
0200400,02060,0.027027
0200400,02070,0.054054
0200400,02105,0.027027
0200400,02150,0.135135
0200400,02158,0.027027
0200400,02164,0.027027
0200400,02180,0.054054
0200400,02185,0.081081
0200400,02188,0.054054
0200400,02195,0.027027
0200400,02198,0.108108
0200400,02220,0.054054
0200400,02275,0.027027
0200400,02282,0.027027
0200400,02290,0.108108
0400101,04013,1.0
0400102,04013,1.0
0400103,04013,1.0
0400104,04013,1.0
0400105,04013,1.0
0400106,04013,1.0
0400107,04013,1.0
0400108,04013,1.0
0400109,04013,1.0
0400110,04013,1.0
0400111,04013,1.0
0400112,04013,1.0
0400113,04013,1.0
0400114,04013,1.0
0400115,04013,1.0
0400116,04013,1.0
0400117,04013,1.0
0400118,04013,1.0
0400119,04013,1.0
0400120,04013,1.0
0400121,04013,1.0
0400122,04013,1.0
0400123,04013,1.0
0400124,04013,1.0
0400125,04013,1.0
0400126,04013,1.0
0400127,04013,1.0
0400128,04013,1.0
0400129,04013,1.0
0400130,04013,1.0
0400131,04013,1.0
0400132,04013,1.0
0400133,04013,1.0
0400134,04013,1.0
0400135,04013,1.0
0400400,04007,0.571429
0400400,04009,0.321429
0400400,04011,0.107143
0400500,04005,1.0
0400601,04015,1.0
0400602,04015,1.0
0400701,04012,0.266667
0400701,04027,0.733333
0400803,04021,1.0
0400805,04021,1.0
0400807,04021,1.0
0400900,04003,0.730769
0400900,04023,0.269231
0401000,04001,0.327273
0401000,04017,0.672727
0401101,04027,1.0
0401901,04019,1.0
0401902,04019,1.0
0401903,04019,0.933333
0401903,04021,0.066667
0401904,04019,1.0
0401905,04019,1.0
0401906,04019,1.0
0401907,04019,1.0
0401908,04019,1.0
0401909,04019,1.0
0402502,04025,1.0
0402503,04025,1.0
0500101,05007,1.0
0500102,05007,1.0
0500201,05143,1.0
0500202,05143,1.0
0500300,05005,0.25641
0500300,05009,0.179487
0500300,05015,0.205128
0500300,05087,0.102564
0500300,05089,0.128205
0500300,05101,0.051282
0500300,05129,0.076923
0500400,05023,0.243243
0500400,05049,0.108108
0500400,05063,0.27027
0500400,05065,0.108108
0500400,05137,0.108108
0500400,05141,0.162162
0500500,05021,0.171429
0500500,05055,0.342857
0500500,05075,0.171429
0500500,05121,0.142857
0500500,05135,0.171429
0500600,05035,0.344828
0500600,05037,0.103448
0500600,05077,0.068966
0500600,05093,0.241379
0500600,05107,0.12069
0500600,05123,0.12069
0500700,05031,0.733333
0500700,05111,0.266667
0500800,05067,0.181818
0500800,05095,0.090909
0500800,05117,0.090909
0500800,05145,0.575758
0500800,05147,0.060606
0500900,05045,0.608696
0500900,05085,0.391304
0501000,05029,0.171429
0501000,05071,0.171429
0501000,05115,0.485714
0501000,05149,0.171429
0501100,05033,0.294118
0501100,05047,0.098039
0501100,05131,0.607843
0501200,05061,0.069767
0501200,05081,0.139535
0501200,05083,0.139535
0501200,05091,0.325581
0501200,05113,0.162791
0501200,05127,0.069767
0501200,05133,0.093023
0501300,05019,0.117647
0501300,05051,0.588235
0501300,05059,0.176471
0501300,05097,0.058824
0501300,05109,0.058824
0501400,05053,0.131579
0501400,05105,0.078947
0501400,05125,0.789474
0501501,05119,1.0
0501502,05119,1.0
0501600,05001,0.125
0501600,05003,0.109375
0501600,05011,0.078125
0501600,05017,0.0625
0501600,05025,0.03125
0501600,05041,0.078125
0501600,05043,0.078125
0501600,05069,0.375
0501600,05079,0.0625
0501700,05013,0.044444
0501700,05027,0.155556
0501700,05039,0.066667
0501700,05057,0.155556
0501700,05073,0.066667
0501700,05099,0.066667
0501700,05103,0.177778
0501700,05139,0.266667
0600101,06001,1.0
0600111,06001,1.0
0600112,06001,1.0
0600113,06001,1.0
0600114,06001,1.0
0600115,06001,1.0
0600116,06001,1.0
0600117,06001,1.0
0600118,06001,1.0
0600119,06001,1.0
0600120,06001,1.0
0600121,06001,1.0
0600122,06001,1.0
0600123,06001,1.0
0600300,06003,0.016949
0600300,06005,0.169492
0600300,06009,0.237288
0600300,06027,0.101695
0600300,06043,0.101695
0600300,06051,0.067797
0600300,06109,0.305085
0600700,06007,1.0
0601100,06011,0.1875
0601100,06021,0.25
0601100,06103,0.4375
0601100,06105,0.125
0601301,06013,1.0
0601305,06013,1.0
0601308,06013,1.0
0601309,06013,1.0
0601310,06013,1.0
0601311,06013,1.0
0601312,06013,1.0
0601313,06013,1.0
0601314,06013,1.0
0601500,06015,0.2
0601500,06035,0.2
0601500,06049,0.088889
0601500,06063,0.155556
0601500,06093,0.355556
0601700,06017,1.0
0601901,06019,1.0
0601902,06019,1.0
0601903,06019,1.0
0601904,06019,1.0
0601905,06019,1.0
0601906,06019,1.0
0601907,06019,1.0
0602300,06023,1.0
0602500,06025,1.0
0602903,06029,1.0
0602904,06029,1.0
0602905,06029,1.0
0602906,06029,1.0
0602907,06029,1.0
0602908,06029,1.0
0603100,06031,1.0
0603300,06033,0.466667
0603300,06045,0.533333
0603703,06037,1.0
0603704,06037,1.0
0603705,06037,1.0
0603706,06037,1.0
0603707,06037,1.0
0603708,06037,1.0
0603709,06037,1.0
0603710,06037,1.0
0603711,06037,1.0
0603712,06037,1.0
0603713,06037,1.0
0603714,06037,1.0
0603715,06037,1.0
0603716,06037,1.0
0603717,06037,1.0
0603718,06037,1.0
0603719,06037,1.0
0603720,06037,1.0
0603721,06037,1.0
0603722,06037,1.0
0603723,06037,1.0
0603724,06037,1.0
0603725,06037,1.0
0603728,06037,1.0
0603730,06037,1.0
0603731,06037,1.0
0603732,06037,1.0
0603733,06037,1.0
0603734,06037,1.0
0603735,06037,1.0
0603736,06037,1.0
0603737,06037,1.0
0603738,06037,1.0
0603739,06037,1.0
0603740,06037,1.0
0603741,06037,1.0
0603742,06037,1.0
0603743,06037,1.0
0603744,06037,1.0
0603745,06037,1.0
0603746,06037,1.0
0603747,06037,1.0
0603748,06037,1.0
0603750,06037,1.0
0603751,06037,1.0
0603752,06037,1.0
0603753,06037,1.0
0603754,06037,1.0
0603757,06037,1.0
0603758,06037,1.0
0603759,06037,1.0
0603760,06037,1.0
0603761,06037,1.0
0603762,06037,1.0
0603763,06037,1.0
0603764,06037,1.0
0603766,06037,1.0
0603767,06037,1.0
0603768,06037,1.0
0603770,06037,1.0
0603771,06037,1.0
0603772,06037,1.0
0603773,06037,1.0
0603774,06037,1.0
0603775,06037,1.0
0603776,06037,1.0
0603778,06037,1.0
0603779,06037,1.0
0603780,06037,1.0
0603781,06037,1.0
0603782,06037,1.0
0603900,06039,1.0
0604103,06041,1.0
0604104,06041,1.0
0604701,06047,1.0
0604702,06047,1.0
0605301,06053,1.0
0605302,06053,1.0
0605303,06053,0.6
0605303,06069,0.4
0605500,06055,1.0
0605700,06057,0.962963
0605700,06091,0.037037
0605906,06059,1.0
0605907,06059,1.0
0605908,06059,1.0
0605909,06059,1.0
0605912,06059,1.0
0605913,06059,1.0
0605914,06059,1.0
0605916,06059,1.0
0605917,06059,1.0
0605918,06059,1.0
0605919,06059,1.0
0605920,06059,1.0
0605921,06059,1.0
0605922,06059,1.0
0605923,06059,1.0
0605924,06059,1.0
0605925,06059,1.0
0605926,06059,1.0
0605927,06059,1.0
0605928,06059,1.0
0606101,06061,1.0
0606102,06061,1.0
0606103,06061,1.0
0606501,06065,1.0
0606502,06065,1.0
0606507,06065,1.0
0606509,06065,1.0
0606511,06065,1.0
0606514,06065,1.0
0606515,06065,1.0
0606516,06065,1.0
0606517,06065,1.0
0606518,06065,1.0
0606519,06065,1.0
0606520,06065,1.0
0606521,06065,1.0
0606522,06065,1.0
0606523,06065,1.0
0606524,06065,1.0
0606525,06065,1.0
0606701,06067,1.0
0606703,06067,1.0
0606704,06067,1.0
0606705,06067,1.0
0606706,06067,1.0
0606707,06067,1.0
0606709,06067,1.0
0606712,06067,1.0
0606713,06067,1.0
0606714,06067,1.0
0606715,06067,1.0
0606716,06067,1.0
0606717,06067,1.0
0607101,06071,1.0
0607102,06071,1.0
0607103,06071,1.0
0607104,06071,1.0
0607105,06071,1.0
0607107,06071,1.0
0607108,06071,1.0
0607110,06071,1.0
0607111,06071,1.0
0607112,06071,1.0
0607115,06071,1.0
0607116,06071,1.0
0607117,06071,1.0
0607118,06071,1.0
0607119,06071,1.0
0607301,06073,1.0
0607302,06073,1.0
0607306,06073,1.0
0607307,06073,1.0
0607308,06073,1.0
0607310,06073,1.0
0607311,06073,1.0
0607312,06073,1.0
0607313,06073,1.0
0607314,06073,1.0
0607315,06073,1.0
0607316,06073,1.0
0607317,06073,1.0
0607322,06073,1.0
0607323,06073,1.0
0607324,06073,1.0
0607325,06073,1.0
0607326,06073,1.0
0607327,06073,1.0
0607328,06073,1.0
0607329,06073,1.0
0607330,06073,1.0
0607507,06075,1.0
0607508,06075,1.0
0607509,06075,1.0
0607510,06075,1.0
0607511,06075,1.0
0607512,06075,1.0
0607513,06075,1.0
0607514,06075,1.0
0607705,06077,1.0
0607706,06077,1.0
0607707,06077,1.0
0607708,06077,1.0
0607709,06077,1.0
0607901,06079,1.0
0607902,06079,1.0
0608101,06081,1.0
0608102,06081,1.0
0608103,06081,1.0
0608104,06081,1.0
0608105,06081,1.0
0608106,06081,1.0
0608301,06083,1.0
0608302,06083,1.0
0608303,06083,1.0
0608505,06085,1.0
0608506,06085,1.0
0608507,06085,1.0
0608508,06085,1.0
0608510,06085,1.0
0608511,06085,1.0
0608512,06085,1.0
0608515,06085,1.0
0608516,06085,1.0
0608517,06085,1.0
0608518,06085,1.0
0608519,06085,1.0
0608520,06085,1.0
0608521,06085,1.0
0608522,06085,1.0
0608701,06087,1.0
0608702,06087,1.0
0608900,06089,1.0
0609501,06095,1.0
0609502,06095,1.0
0609503,06095,1.0
0609702,06097,1.0
0609704,06097,1.0
0609705,06097,1.0
0609706,06097,1.0
0609901,06099,1.0
0609902,06099,1.0
0609903,06099,1.0
0609904,06099,1.0
0610100,06101,0.525
0610100,06115,0.475
0610701,06107,1.0
0610702,06107,1.0
0610703,06107,1.0
0611102,06111,1.0
0611103,06111,1.0
0611104,06111,1.0
0611107,06111,1.0
0611108,06111,1.0
0611109,06111,1.0
0611301,06113,1.0
0611302,06113,1.0
0800100,08045,0.428571
0800100,08081,0.142857
0800100,08103,0.071429
0800100,08107,0.357143
0800200,08037,0.390244
0800200,08049,0.146341
0800200,08057,0.02439
0800200,08097,0.146341
0800200,08117,0.292683
0800301,08069,1.0
0800302,08069,1.0
0800303,08069,1.0
0800401,08013,0.212121
0800401,08019,0.121212
0800401,08047,0.060606
0800401,08059,0.606061
0800501,08013,1.0
0800502,08013,1.0
0800601,08013,0.319149
0800601,08014,0.510638
0800601,08059,0.170213
0800701,08059,1.0
0800702,08059,1.0
0800703,08059,1.0
0800801,08035,0.774194
0800801,08059,0.225806
0800901,08035,1.0
0800902,08035,1.0
0801001,08123,1.0
0801002,08123,1.0
0801003,08123,1.0
0801101,08001,0.9
0801101,08059,0.1
0801201,08001,1.0
0801202,08001,1.0
0801301,08001,0.233333
0801301,08005,0.766667
0801401,08001,0.238095
0801401,08005,0.761905
0801501,08005,0.787879
0801501,08059,0.212121
0801601,08005,1.0
0801602,08005,1.0
0801603,08005,1.0
0801701,08031,1.0
0801702,08031,1.0
0801703,08031,1.0
0801704,08031,1.0
0801705,08005,0.1875
0801705,08031,0.8125
0801800,08017,0.027027
0801800,08025,0.054054
0801800,08039,0.189189
0801800,08061,0.027027
0801800,08063,0.054054
0801800,08073,0.054054
0801800,08075,0.189189
0801800,08087,0.216216
0801800,08095,0.054054
0801800,08115,0.027027
0801800,08121,0.054054
0801800,08125,0.054054
0801900,08003,0.131579
0801900,08009,0.052632
0801900,08011,0.052632
0801900,08021,0.052632
0801900,08023,0.052632
0801900,08071,0.157895
0801900,08079,0.026316
0801900,08089,0.184211
0801900,08099,0.131579
0801900,08105,0.105263
0801900,08109,0.052632
0802001,08041,0.724138
0802001,08119,0.275862
0802002,08041,1.0
0802003,08041,1.0
0802004,08041,1.0
0802005,08041,1.0
0802006,08041,1.0
0802101,08015,0.157895
0802101,08027,0.052632
0802101,08043,0.394737
0802101,08055,0.078947
0802101,08065,0.078947
0802101,08093,0.157895
0802101,08101,0.078947
0802200,08007,0.147059
0802200,08033,0.029412
0802200,08051,0.176471
0802200,08053,0.029412
0802200,08067,0.352941
0802200,08083,0.235294
0802200,08111,0.029412
0802301,08101,1.0
0802401,08029,0.3
0802401,08077,0.1
0802401,08085,0.4
0802401,08091,0.066667
0802401,08113,0.133333
0802501,08077,1.0
0920100,09003,0.081081
0920100,09005,0.918919
0920201,09003,1.0
0920202,09003,1.0
0920203,09003,0.045455
0920203,09013,0.954545
0920204,09003,0.805556
0920204,09013,0.194444
0920205,09003,1.0
0920206,09003,1.0
0920207,09003,1.0
0920301,09011,0.034483
0920301,09013,0.137931
0920301,09015,0.827586
0920401,09011,1.0
0920402,09011,0.823529
0920402,09015,0.176471
0920500,09007,0.911111
0920500,09011,0.088889
0920601,09009,1.0
0920602,09009,1.0
0920603,09009,1.0
0920604,09009,1.0
0920701,09009,1.0
0920702,09003,0.368421
0920702,09005,0.315789
0920702,09009,0.315789
0920703,09001,0.28125
0920703,09009,0.71875
0920801,09001,1.0
0920802,09001,1.0
0920901,09001,1.0
0920902,09001,1.0
0920903,09001,1.0
0920904,09001,0.860465
0920904,09005,0.139535
1000101,10003,1.0
1000102,10003,1.0
1000103,10003,1.0
1000104,10003,1.0
1000105,10003,1.0
1000200,10001,1.0
1000301,10005,1.0
1000302,10005,1.0
1100101,11001,1.0
1100102,11001,1.0
1100103,11001,1.0
1100104,11001,1.0
1100105,11001,1.0
1100106,11001,1.0
1200101,12001,1.0
1200102,12001,1.0
1200398,12003,0.142857
1200398,12089,0.857143
1200500,12005,1.0
1200798,12007,0.12766
1200798,12023,0.276596
1200798,12029,0.12766
1200798,12041,0.106383
1200798,12075,0.276596
1200798,12125,0.085106
1200901,12009,1.0
1200902,12009,1.0
1200903,12009,1.0
1200904,12009,1.0
1200905,12009,1.0
1201101,12011,1.0
1201102,12011,1.0
1201103,12011,1.0
1201104,12011,1.0
1201105,12011,1.0
1201106,12011,1.0
1201107,12011,1.0
1201108,12011,1.0
1201109,12011,1.0
1201110,12011,1.0
1201111,12011,1.0
1201112,12011,1.0
1201113,12011,1.0
1201114,12011,1.0
1201115,12011,1.0
1201116,12011,1.0
1201117,12011,1.0
1201398,12013,0.067797
1201398,12037,0.118644
1201398,12039,0.169492
1201398,12045,0.101695
1201398,12063,0.220339
1201398,12065,0.101695
1201398,12077,0.067797
1201398,12129,0.152542
1201500,12015,1.0
1201700,12017,1.0
1201901,12019,1.0
1201902,12019,1.0
1202101,12021,1.0
1202102,12021,1.0
1202103,12021,1.0
1202799,12027,0.1875
1202799,12049,0.166667
1202799,12055,0.645833
1203101,12031,1.0
1203102,12031,1.0
1203103,12031,1.0
1203104,12031,1.0
1203105,12031,1.0
1203106,12031,1.0
1203107,12031,1.0
1203301,12033,1.0
1203302,12033,1.0
1203303,12033,1.0
1203500,12035,1.0
1204798,12047,0.181818
1204798,12067,0.090909
1204798,12079,0.151515
1204798,12121,0.333333
1204798,12123,0.242424
1205199,12043,0.16129
1205199,12051,0.322581
1205199,12055,0.129032
1205199,12093,0.387097
1205300,12053,1.0
1205701,12057,1.0
1205702,12057,1.0
1205703,12057,1.0
1205704,12057,1.0
1205705,12057,1.0
1205706,12057,1.0
1205707,12057,1.0
1205708,12057,1.0
1205709,12057,1.0
1205710,12057,1.0
1205711,12057,1.0
1205998,12059,0.2
1205998,12131,0.6
1205998,12133,0.2
1206100,12061,1.0
1206901,12069,1.0
1206902,12069,1.0
1206903,12069,1.0
1207101,12071,1.0
1207102,12071,1.0
1207103,12071,1.0
1207104,12071,1.0
1207105,12071,1.0
1207106,12071,1.0
1207301,12073,1.0
1207302,12073,1.0
1208101,12081,1.0
1208102,12081,1.0
1208103,12081,1.0
1208301,12083,1.0
1208302,12083,1.0
1208303,12083,1.0
1208500,12085,1.0
1208601,12086,1.0
1208602,12086,1.0
1208603,12086,1.0
1208604,12086,1.0
1208605,12086,1.0
1208606,12086,1.0
1208607,12086,1.0
1208608,12086,1.0
1208609,12086,1.0
1208610,12086,1.0
1208611,12086,1.0
1208612,12086,1.0
1208613,12086,1.0
1208614,12086,1.0
1208615,12086,1.0
1208616,12086,1.0
1208617,12086,1.0
1208618,12086,1.0
1208619,12086,1.0
1208620,12086,1.0
1208621,12086,1.0
1208622,12086,1.0
1208623,12086,1.0
1208624,12086,1.0
1208625,12086,0.25641
1208625,12087,0.74359
1209101,12091,1.0
1209102,12091,1.0
1209501,12095,1.0
1209502,12095,1.0
1209503,12095,1.0
1209504,12095,1.0
1209505,12095,1.0
1209506,12095,1.0
1209507,12095,1.0
1209508,12095,1.0
1209509,12095,1.0
1209510,12095,1.0
1209701,12097,1.0
1209702,12097,1.0
1209703,12097,1.0
1209901,12099,1.0
1209902,12099,1.0
1209903,12099,1.0
1209904,12099,1.0
1209905,12099,1.0
1209906,12099,1.0
1209907,12099,1.0
1209908,12099,1.0
1209909,12099,1.0
1209910,12099,1.0
1209911,12099,1.0
1210101,12101,1.0
1210102,12101,1.0
1210103,12101,1.0
1210104,12101,1.0
1210301,12103,1.0
1210302,12103,1.0
1210303,12103,1.0
1210304,12103,1.0
1210305,12103,1.0
1210306,12103,1.0
1210307,12103,1.0
1210308,12103,1.0
1210501,12105,1.0
1210502,12105,1.0
1210503,12105,1.0
1210504,12105,1.0
1210505,12105,1.0
1210799,12107,0.68
1210799,12109,0.32
1210902,12109,1.0
1210903,12109,1.0
1211101,12111,1.0
1211102,12111,1.0
1211103,12111,1.0
1211300,12113,1.0
1211501,12115,1.0
1211502,12115,1.0
1211503,12115,1.0
1211701,12117,1.0
1211702,12117,1.0
1211703,12117,1.0
1211704,12117,1.0
1211900,12119,1.0
1212701,12127,1.0
1212702,12127,1.0
1212703,12127,1.0
1212704,12127,1.0
1300100,13047,0.319149
1300100,13055,0.191489
1300100,13083,0.106383
1300100,13295,0.382979
1300200,13313,1.0
1300300,13111,0.106383
1300300,13123,0.170213
1300300,13129,0.319149
1300300,13213,0.212766
1300300,13227,0.191489
1300400,13085,0.159091
1300400,13187,0.181818
1300400,13241,0.181818
1300400,13281,0.090909
1300400,13291,0.181818
1300400,13311,0.204545
1300500,13011,0.097561
1300500,13119,0.195122
1300500,13137,0.268293
1300500,13147,0.243902
1300500,13257,0.195122
1300601,13139,1.0
1300602,13139,1.0
1300701,13117,1.0
1300702,13117,1.0
1300801,13057,1.0
1300802,13057,1.0
1300900,13015,1.0
1301000,13115,0.619048
1301000,13143,0.190476
1301000,13233,0.190476
1301100,13223,1.0
1301200,13097,1.0
1301301,13067,1.0
1301302,13067,1.0
1301303,13067,1.0
1301304,13067,1.0
1301305,13067,1.0
1301401,13121,1.0
1301402,13121,1.0
1301403,13121,1.0
1301404,13121,1.0
1301405,13121,1.0
1301406,13121,1.0
1301407,13121,1.0
1301408,13121,1.0
1301501,13089,1.0
1301502,13089,1.0
1301503,13089,1.0
1301504,13089,1.0
1301505,13089,1.0
1301506,13089,1.0
1301601,13135,1.0
1301602,13135,1.0
1301603,13135,1.0
1301604,13135,1.0
1301605,13135,1.0
1301606,13135,1.0
1301607,13135,1.0
1301700,13013,0.514286
1301700,13157,0.485714
1301800,13059,1.0
1301900,13105,0.157895
1301900,13133,0.210526
1301900,13195,0.184211
1301900,13219,0.289474
1301900,13221,0.157895
1302000,13159,0.16129
1302000,13211,0.193548
1302000,13297,0.645161
1302100,13217,0.478261
1302100,13247,0.521739
1302201,13151,1.0
1302202,13151,1.0
1302301,13063,1.0
1302302,13063,1.0
1302400,13113,1.0
1302500,13077,1.0
1302600,13045,1.0
1302700,13149,0.107143
1302700,13199,0.25
1302700,13285,0.642857
1302800,13035,0.128205
1302800,13171,0.102564
1302800,13231,0.128205
1302800,13255,0.435897
1302800,13293,0.205128
1302900,13009,0.264151
1302900,13079,0.056604
1302900,13169,0.169811
1302900,13207,0.09434
1302900,13225,0.150943
1302900,13237,0.150943
1302900,13289,0.056604
1302900,13319,0.056604
1303000,13021,1.0
1303100,13033,0.194444
1303100,13125,0.027778
1303100,13141,0.055556
1303100,13163,0.111111
1303100,13165,0.055556
1303100,13181,0.055556
1303100,13189,0.166667
1303100,13265,0.027778
1303100,13301,0.055556
1303100,13303,0.138889
1303100,13317,0.111111
1303200,13073,1.0
1303301,13245,1.0
1303302,13245,1.0
1303400,13031,0.47619
1303400,13103,0.380952
1303400,13251,0.142857
1303500,13023,0.085106
1303500,13043,0.06383
1303500,13091,0.148936
1303500,13107,0.191489
1303500,13167,0.085106
1303500,13175,0.297872
1303500,13283,0.042553
1303500,13315,0.085106
1303600,13153,0.904762
1303600,13235,0.095238
1303700,13061,0.021277
1303700,13081,0.12766
1303700,13093,0.06383
1303700,13145,0.148936
1303700,13193,0.085106
1303700,13197,0.042553
1303700,13239,0.021277
1303700,13243,0.042553
1303700,13249,0.042553
1303700,13259,0.042553
1303700,13261,0.170213
1303700,13263,0.06383
1303700,13269,0.085106
1303700,13307,0.042553
1303800,13053,0.078125
1303800,13215,0.921875
1303900,13007,0.047619
1303900,13037,0.047619
1303900,13087,0.190476
1303900,13099,0.119048
1303900,13131,0.190476
1303900,13201,0.071429
1303900,13205,0.166667
1303900,13253,0.071429
1303900,13273,0.095238
1304000,13095,0.783784
1304000,13177,0.216216
1304100,13071,0.428571
1304100,13275,0.4
1304100,13321,0.171429
1304200,13017,0.146341
1304200,13019,0.146341
1304200,13027,0.146341
1304200,13075,0.121951
1304200,13155,0.073171
1304200,13277,0.292683
1304200,13287,0.073171
1304300,13185,1.0
1304400,13003,0.061224
1304400,13005,0.061224
1304400,13025,0.102041
1304400,13049,0.061224
1304400,13065,0.040816
1304400,13069,0.244898
1304400,13101,0.040816
1304400,13173,0.061224
1304400,13229,0.122449
1304400,13299,0.204082
1304500,13001,0.145833
1304500,13109,0.0625
1304500,13161,0.104167
1304500,13209,0.0625
1304500,13267,0.145833
1304500,13271,0.104167
1304500,13279,0.1875
1304500,13305,0.145833
1304500,13309,0.041667
1304600,13029,0.28125
1304600,13179,0.5625
1304600,13183,0.15625
1304701,13051,1.0
1304702,13051,1.0
1304800,13039,0.333333
1304800,13127,0.509804
1304800,13191,0.156863
1500100,15005,0.028169
1500100,15007,0.295775
1500100,15009,0.676056
1500200,15001,1.0
1500301,15003,1.0
1500302,15003,1.0
1500303,15003,1.0
1500304,15003,1.0
1500305,15003,1.0
1500306,15003,1.0
1500307,15003,1.0
1500308,15003,1.0
1600100,16009,0.057143
1600100,16017,0.457143
1600100,16021,0.057143
1600100,16055,0.085714
1600100,16057,0.257143
1600100,16079,0.085714
1600200,16055,1.0
1600300,16003,0.054054
1600300,16015,0.081081
1600300,16023,0.027027
1600300,16033,0.027027
1600300,16035,0.081081
1600300,16037,0.027027
1600300,16049,0.162162
1600300,16059,0.081081
1600300,16061,0.081081
1600300,16069,0.27027
1600300,16085,0.108108
1600400,16001,0.419355
1600400,16027,0.193548
1600400,16045,0.129032
1600400,16075,0.16129
1600400,16087,0.096774
1600500,16027,0.903226
1600500,16073,0.096774
1600600,16001,0.473684
1600600,16027,0.526316
1600701,16001,1.0
1600702,16001,1.0
1600800,16001,1.0
1600900,16031,0.26087
1600900,16083,0.73913
1601000,16013,0.25
1601000,16025,0.03125
1601000,16039,0.21875
1601000,16047,0.125
1601000,16053,0.1875
1601000,16063,0.03125
1601000,16067,0.15625
1601100,16011,0.243243
1601100,16043,0.108108
1601100,16051,0.162162
1601100,16065,0.297297
1601100,16081,0.189189
1601200,16019,1.0
1601300,16005,0.705882
1601300,16007,0.058824
1601300,16011,0.029412
1601300,16029,0.058824
1601300,16041,0.058824
1601300,16071,0.029412
1601300,16077,0.058824
1700100,17001,0.404255
1700100,17009,0.042553
1700100,17057,0.255319
1700100,17125,0.12766
1700100,17149,0.106383
1700100,17169,0.06383
1700701,17007,0.333333
1700701,17201,0.666667
1701901,17019,1.0
1701902,17019,0.173913
1701902,17053,0.108696
1701902,17075,0.195652
1701902,17183,0.521739
1702900,17023,0.111111
1702900,17029,0.361111
1702900,17033,0.166667
1702900,17035,0.083333
1702900,17041,0.138889
1702900,17045,0.138889
1703101,17031,1.0
1703102,17031,1.0
1703103,17031,1.0
1703104,17031,1.0
1703105,17031,1.0
1703106,17031,1.0
1703107,17031,1.0
1703108,17031,1.0
1703109,17031,1.0
1703110,17031,1.0
1703111,17031,1.0
1703112,17031,1.0
1703113,17031,1.0
1703114,17031,1.0
1703115,17031,1.0
1703116,17031,1.0
1703117,17031,1.0
1703118,17031,1.0
1703151,17031,1.0
1703152,17031,1.0
1703153,17031,1.0
1703154,17031,1.0
1703155,17031,1.0
1703156,17031,1.0
1703157,17031,1.0
1703158,17031,1.0
1703159,17031,1.0
1703160,17031,1.0
1703161,17031,1.0
1703162,17031,1.0
1703163,17031,1.0
1703164,17031,1.0
1703165,17031,1.0
1703166,17031,1.0
1703167,17031,1.0
1703168,17031,1.0
1703700,17037,0.638889
1703700,17141,0.361111
1704301,17043,1.0
1704302,17043,1.0
1704303,17043,1.0
1704304,17043,1.0
1704305,17043,1.0
1704306,17043,1.0
1704307,17043,1.0
1704900,17025,0.108108
1704900,17049,0.216216
1704900,17051,0.189189
1704900,17079,0.081081
1704900,17101,0.135135
1704900,17159,0.135135
1704900,17191,0.135135
1707300,17067,0.159091
1707300,17071,0.068182
1707300,17073,0.318182
1707300,17109,0.25
1707300,17131,0.090909
1707300,17187,0.113636
1708901,17089,1.0
1708902,17089,1.0
1708903,17089,1.0
1708904,17089,1.0
1709100,17063,0.25
1709100,17091,0.75
1709300,17093,1.0
1709500,17011,0.227273
1709500,17095,0.363636
1709500,17123,0.113636
1709500,17155,0.045455
1709500,17175,0.045455
1709500,17203,0.204545
1709701,17097,1.0
1709702,17097,1.0
1709703,17097,1.0
1709704,17097,1.0
1709705,17097,1.0
1709900,17099,0.736842
1709900,17105,0.263158
1711101,17111,1.0
1711102,17111,1.0
1711300,17113,1.0
1711500,17021,0.212766
1711500,17115,0.787234
1711700,17013,0.046512
1711700,17017,0.116279
1711700,17061,0.116279
1711700,17083,0.139535
1711700,17117,0.302326
1711700,17137,0.232558
1711700,17171,0.046512
1711901,17119,1.0
1711902,17119,1.0
1712100,17005,0.08
1712100,17027,0.18
1712100,17081,0.22
1712100,17121,0.24
1712100,17157,0.2
1712100,17189,0.08
1713500,17039,0.131579
1713500,17107,0.210526
1713500,17129,0.078947
1713500,17135,0.210526
1713500,17139,0.105263
1713500,17147,0.105263
1713500,17173,0.157895
1714300,17143,1.0
1716100,17161,1.0
1716301,17163,1.0
1716302,17133,0.259259
1716302,17163,0.740741
1716500,17003,0.081633
1716500,17047,0.061224
1716500,17059,0.040816
1716500,17065,0.061224
1716500,17069,0.040816
1716500,17087,0.081633
1716500,17127,0.081633
1716500,17151,0.040816
1716500,17153,0.040816
1716500,17165,0.183673
1716500,17181,0.102041
1716500,17185,0.081633
1716500,17193,0.102041
1716700,17167,1.0
1717900,17179,1.0
1719500,17015,0.111111
1719500,17085,0.12963
1719500,17103,0.166667
1719500,17177,0.240741
1719500,17195,0.351852
1719701,17197,1.0
1719702,17197,1.0
1719703,17197,1.0
1719704,17197,1.0
1719705,17197,1.0
1719900,17055,0.226415
1719900,17077,0.320755
1719900,17145,0.113208
1719900,17199,0.339623
1720101,17201,1.0
1800101,18089,1.0
1800102,18089,1.0
1800103,18089,1.0
1800104,18089,1.0
1800200,18127,1.0
1800300,18091,1.0
1800401,18141,1.0
1800402,18141,1.0
1800501,18039,1.0
1800502,18039,1.0
1800600,18033,0.243243
1800600,18087,0.243243
1800600,18113,0.27027
1800600,18151,0.243243
1800700,18049,0.206897
1800700,18073,0.275862
1800700,18111,0.137931
1800700,18131,0.137931
1800700,18149,0.241379
1800800,18085,0.636364
1800800,18099,0.363636
1800900,18001,0.225806
1800900,18069,0.290323
1800900,18179,0.225806
1800900,18183,0.258065
1801001,18003,1.0
1801002,18003,1.0
1801003,18003,1.0
1801100,18007,0.083333
1801100,18015,0.194444
1801100,18023,0.222222
1801100,18107,0.25
1801100,18181,0.25
1801200,18157,1.0
1801300,18017,0.297297
1801300,18067,0.567568
1801300,18159,0.135135
1801400,18053,0.470588
1801400,18103,0.294118
1801400,18169,0.235294
1801500,18009,0.125
1801500,18065,0.40625
1801500,18075,0.21875
1801500,18135,0.25
1801600,18021,0.1875
1801600,18045,0.15625
1801600,18121,0.15625
1801600,18153,0.25
1801600,18165,0.15625
1801600,18171,0.09375
1801700,18167,1.0
1801801,18011,0.5
1801801,18057,0.5
1801901,18057,1.0
1801902,18057,1.0
1802000,18095,1.0
1802100,18035,1.0
1802200,18013,0.16129
1802200,18109,0.548387
1802200,18133,0.290323
1802300,18063,1.0
1802401,18097,1.0
1802402,18097,1.0
1802403,18097,1.0
1802404,18097,1.0
1802405,18097,1.0
1802406,18097,1.0
1802407,18097,1.0
1802500,18081,1.0
1802600,18059,0.6
1802600,18145,0.4
1802700,18041,0.21875
1802700,18139,0.15625
1802700,18161,0.0625
1802700,18177,0.5625
1802800,18027,0.177778
1802800,18055,0.2
1802800,18093,0.288889
1802800,18101,0.066667
1802800,18117,0.133333
1802800,18119,0.133333
1802900,18105,1.0
1803000,18005,0.592593
1803000,18071,0.407407
1803100,18031,0.25
1803100,18077,0.291667
1803100,18079,0.25
1803100,18143,0.208333
1803200,18029,0.433333
1803200,18047,0.166667
1803200,18115,0.066667
1803200,18137,0.233333
1803200,18155,0.1
1803300,18051,0.258065
1803300,18129,0.225806
1803300,18173,0.516129
1803400,18163,1.0
1803500,18025,0.078947
1803500,18037,0.236842
1803500,18083,0.289474
1803500,18123,0.131579
1803500,18125,0.105263
1803500,18147,0.157895
1803600,18043,0.555556
1803600,18061,0.25
1803600,18175,0.194444
1803700,18019,1.0
1900100,19041,0.135135
1900100,19059,0.162162
1900100,19063,0.108108
1900100,19119,0.081081
1900100,19141,0.108108
1900100,19143,0.054054
1900100,19147,0.108108
1900100,19167,0.243243
1900200,19033,0.333333
1900200,19067,0.138889
1900200,19081,0.111111
1900200,19109,0.166667
1900200,19131,0.083333
1900200,19189,0.083333
1900200,19195,0.083333
1900301,19113,1.0
1900302,19113,1.0
1900400,19005,0.131579
1900400,19017,0.210526
1900400,19037,0.105263
1900400,19043,0.157895
1900400,19065,0.184211
1900400,19089,0.078947
1900400,19191,0.131579
1900500,19013,1.0
1900600,19023,0.111111
1900600,19069,0.066667
1900600,19075,0.088889
1900600,19079,0.111111
1900600,19083,0.133333
1900600,19091,0.088889
1900600,19187,0.288889
1900600,19197,0.111111
1900700,19019,0.139535
1900700,19055,0.093023
1900700,19061,0.627907
1900700,19097,0.139535
1900800,19031,0.147059
1900800,19045,0.352941
1900800,19105,0.205882
1900800,19139,0.294118
1900900,19163,1.0
1901100,19103,1.0
1901200,19011,0.212121
1901200,19095,0.121212
1901200,19127,0.333333
1901200,19157,0.151515
1901200,19171,0.181818
1901300,19015,0.205882
1901300,19169,0.794118
1901400,19099,0.294118
1901400,19125,0.294118
1901400,19181,0.411765
1901501,19153,1.0
1901502,19153,1.0
1901503,19153,1.0
1901600,19049,0.826087
1901600,19121,0.173913
1901800,19003,0.044444
1901800,19007,0.111111
1901800,19039,0.066667
1901800,19053,0.066667
1901800,19071,0.066667
1901800,19117,0.088889
1901800,19135,0.066667
1901800,19137,0.088889
1901800,19145,0.133333
1901800,19159,0.044444
1901800,19173,0.066667
1901800,19175,0.088889
1901800,19185,0.066667
1901900,19021,0.133333
1901900,19025,0.088889
1901900,19027,0.133333
1901900,19035,0.111111
1901900,19047,0.133333
1901900,19073,0.088889
1901900,19093,0.066667
1901900,19133,0.088889
1901900,19151,0.066667
1901900,19161,0.088889
1902000,19149,0.171429
1902000,19193,0.828571
1902100,19001,0.051724
1902100,19009,0.051724
1902100,19029,0.086207
1902100,19077,0.051724
1902100,19085,0.086207
1902100,19129,0.086207
1902100,19155,0.517241
1902100,19165,0.068966
1902200,19051,0.054054
1902200,19101,0.135135
1902200,19107,0.108108
1902200,19123,0.189189
1902200,19177,0.054054
1902200,19179,0.297297
1902200,19183,0.162162
1902300,19057,0.366667
1902300,19087,0.166667
1902300,19111,0.366667
1902300,19115,0.1
2000100,20023,0.027027
2000100,20039,0.027027
2000100,20051,0.216216
2000100,20063,0.027027
2000100,20065,0.027027
2000100,20071,0.027027
2000100,20101,0.027027
2000100,20109,0.027027
2000100,20135,0.027027
2000100,20137,0.027027
2000100,20141,0.027027
2000100,20147,0.081081
2000100,20153,0.027027
2000100,20163,0.054054
2000100,20167,0.054054
2000100,20171,0.027027
2000100,20179,0.027027
2000100,20181,0.054054
2000100,20183,0.054054
2000100,20193,0.054054
2000100,20195,0.027027
2000100,20199,0.027027
2000100,20203,0.027027
2000200,20027,0.044444
2000200,20029,0.088889
2000200,20041,0.133333
2000200,20053,0.044444
2000200,20089,0.022222
2000200,20105,0.022222
2000200,20117,0.088889
2000200,20123,0.044444
2000200,20131,0.066667
2000200,20143,0.044444
2000200,20157,0.066667
2000200,20169,0.288889
2000200,20201,0.044444
2000300,20061,0.333333
2000300,20149,0.151515
2000300,20161,0.515152
2000400,20209,1.0
2000501,20177,1.0
2000601,20005,0.142857
2000601,20013,0.085714
2000601,20043,0.085714
2000601,20085,0.085714
2000601,20087,0.114286
2000601,20139,0.142857
2000601,20177,0.285714
2000601,20197,0.057143
2000700,20045,1.0
2000801,20091,1.0
2000802,20091,1.0
2000803,20091,1.0
2000804,20091,1.0
2000900,20103,0.633333
2000900,20107,0.1
2000900,20121,0.266667
2001000,20001,0.102041
2001000,20003,0.040816
2001000,20011,0.102041
2001000,20021,0.122449
2001000,20037,0.244898
2001000,20059,0.122449
2001000,20099,0.163265
2001000,20133,0.102041
2001101,20017,0.019608
2001101,20019,0.019608
2001101,20031,0.058824
2001101,20035,0.117647
2001101,20049,0.019608
2001101,20073,0.058824
2001101,20111,0.235294
2001101,20115,0.078431
2001101,20125,0.235294
2001101,20127,0.039216
2001101,20205,0.078431
2001101,20207,0.039216
2001201,20015,0.355556
2001201,20173,0.644444
2001301,20079,0.2
2001301,20173,0.8
2001401,20173,1.0
2001501,20015,0.069767
2001501,20173,0.930233
2001600,20113,0.259259
2001600,20155,0.62963
2001600,20159,0.111111
2001701,20007,0.051282
2001701,20009,0.205128
2001701,20033,0.025641
2001701,20035,0.128205
2001701,20047,0.051282
2001701,20077,0.076923
2001701,20095,0.076923
2001701,20097,0.025641
2001701,20145,0.051282
2001701,20151,0.076923
2001701,20165,0.025641
2001701,20185,0.051282
2001701,20191,0.153846
2001800,20025,0.02439
2001800,20055,0.292683
2001800,20057,0.219512
2001800,20067,0.04878
2001800,20069,0.04878
2001800,20075,0.02439
2001800,20081,0.02439
2001800,20083,0.02439
2001800,20093,0.02439
2001800,20119,0.04878
2001800,20129,0.02439
2001800,20175,0.121951
2001800,20187,0.02439
2001800,20189,0.04878
2100100,21007,0.050847
2100100,21035,0.186441
2100100,21039,0.050847
2100100,21075,0.033898
2100100,21083,0.169492
2100100,21105,0.016949
2100100,21145,0.322034
2100100,21157,0.169492
2100200,21033,0.117647
2100200,21055,0.117647
2100200,21107,0.382353
2100200,21139,0.088235
2100200,21177,0.294118
2100300,21047,0.583333
2100300,21143,0.111111
2100300,21219,0.111111
2100300,21221,0.194444
2100400,21003,0.111111
2100400,21009,0.240741
2100400,21031,0.111111
2100400,21061,0.092593
2100400,21099,0.111111
2100400,21141,0.111111
2100400,21169,0.055556
2100400,21171,0.074074
2100400,21213,0.092593
2100500,21227,1.0
2100600,21001,0.2
2100600,21045,0.171429
2100600,21053,0.114286
2100600,21057,0.057143
2100600,21087,0.114286
2100600,21207,0.142857
2100600,21217,0.2
2100700,21147,0.166667
2100700,21199,0.583333
2100700,21231,0.25
2100800,21051,0.235294
2100800,21109,0.147059
2100800,21125,0.470588
2100800,21203,0.147059
2100900,21013,0.209302
2100900,21095,0.255814
2100900,21121,0.255814
2100900,21235,0.27907
2101000,21025,0.162791
2101000,21119,0.116279
2101000,21129,0.069767
2101000,21131,0.093023
2101000,21133,0.232558
2101000,21189,0.046512
2101000,21193,0.232558
2101000,21237,0.046512
2101100,21071,0.269231
2101100,21115,0.134615
2101100,21153,0.096154
2101100,21159,0.076923
2101100,21195,0.423077
2101200,21027,0.12
2101200,21085,0.18
2101200,21123,0.1
2101200,21155,0.12
2101200,21163,0.18
2101200,21179,0.22
2101200,21229,0.08
2101300,21093,1.0
2101400,21091,0.083333
2101400,21101,0.388889
2101400,21149,0.083333
2101400,21183,0.222222
2101400,21225,0.111111
2101400,21233,0.111111
2101500,21059,1.0
2101600,21029,0.846154
2101600,21215,0.153846
2101701,21111,1.0
2101702,21111,1.0
2101703,21111,1.0
2101704,21111,1.0
2101705,21111,1.0
2101706,21111,1.0
2101800,21103,0.147059
2101800,21185,0.441176
2101800,21211,0.352941
2101800,21223,0.058824
2101901,21067,1.0
2101902,21067,1.0
2101903,21067,1.0
2102000,21005,0.153846
2102000,21073,0.512821
2102000,21167,0.128205
2102000,21239,0.205128
2102100,21021,0.225806
2102100,21079,0.193548
2102100,21113,0.354839
2102100,21137,0.225806
2102200,21065,0.146341
2102200,21151,0.756098
2102200,21197,0.097561
2102300,21017,0.181818
2102300,21049,0.227273
2102300,21097,0.113636
2102300,21181,0.045455
2102300,21209,0.431818
2102400,21117,1.0
2102500,21015,1.0
2102600,21037,0.543478
2102600,21041,0.065217
2102600,21077,0.065217
2102600,21081,0.152174
2102600,21187,0.086957
2102600,21191,0.086957
2102700,21011,0.097561
2102700,21023,0.073171
2102700,21069,0.097561
2102700,21135,0.097561
2102700,21161,0.121951
2102700,21165,0.04878
2102700,21173,0.170732
2102700,21175,0.121951
2102700,21201,0.02439
2102700,21205,0.146341
2102800,21019,0.365854
2102800,21043,0.195122
2102800,21063,0.073171
2102800,21089,0.219512
2102800,21127,0.146341
2200101,22017,1.0
2200102,22017,1.0
2200200,22015,0.717391
2200200,22119,0.282609
2200300,22013,0.092593
2200300,22027,0.111111
2200300,22031,0.166667
2200300,22061,0.222222
2200300,22069,0.203704
2200300,22081,0.037037
2200300,22085,0.166667
2200400,22073,1.0
2200500,22021,0.0625
2200500,22035,0.0625
2200500,22041,0.125
2200500,22049,0.104167
2200500,22065,0.104167
2200500,22067,0.166667
2200500,22083,0.125
2200500,22107,0.0625
2200500,22111,0.125
2200500,22123,0.0625
2200600,22009,0.333333
2200600,22025,0.083333
2200600,22029,0.166667
2200600,22043,0.194444
2200600,22059,0.083333
2200600,22127,0.138889
2200700,22079,0.709091
2200700,22115,0.290909
2200801,22003,0.179487
2200801,22011,0.230769
2200801,22019,0.589744
2200901,22019,0.717391
2200901,22023,0.108696
2200901,22053,0.173913
2201000,22039,0.282051
2201000,22097,0.717949
2201100,22001,0.552632
2201100,22113,0.447368
2201201,22055,1.0
2201202,22055,1.0
2201300,22045,0.575
2201300,22099,0.425
2201400,22037,0.147059
2201400,22047,0.264706
2201400,22077,0.205882
2201400,22121,0.176471
2201400,22125,0.205882
2201501,22033,1.0
2201502,22033,1.0
2201503,22033,1.0
2201504,22033,1.0
2201600,22005,1.0
2201700,22063,0.918919
2201700,22091,0.081081
2201800,22105,0.704545
2201800,22117,0.295455
2201900,22089,0.419355
2201900,22093,0.225806
2201900,22095,0.354839
2202000,22007,0.205882
2202000,22057,0.794118
2202100,22101,0.326923
2202100,22109,0.673077
2202201,22103,1.0
2202202,22103,1.0
2202301,22051,1.0
2202302,22051,1.0
2202303,22051,1.0
2202401,22071,1.0
2202402,22071,1.0
2202403,22071,1.0
2202501,22051,0.333333
2202501,22075,0.238095
2202501,22087,0.428571
2300100,23003,0.510638
2300100,23019,0.191489
2300100,23029,0.297872
2300200,23007,0.175439
2300200,23017,0.333333
2300200,23021,0.140351
2300200,23025,0.350877
2300300,23019,1.0
2300400,23011,1.0
2300500,23009,0.367347
2300500,23013,0.265306
2300500,23015,0.204082
2300500,23027,0.163265
2300600,23001,1.0
2300700,23005,0.689655
2300700,23023,0.310345
2300800,23005,0.173077
2300800,23031,0.826923
2300900,23005,0.542857
2300900,23031,0.457143
2301000,23005,1.0
2400101,24001,0.647059
2400101,24023,0.264706
2400101,24043,0.088235
2400201,24043,1.0
2400301,24021,1.0
2400302,24021,1.0
2400400,24013,1.0
2400501,24005,1.0
2400502,24005,1.0
2400503,24005,1.0
2400504,24005,1.0
2400505,24005,1.0
2400506,24005,1.0
2400507,24005,1.0
2400601,24025,1.0
2400602,24025,1.0
2400700,24015,1.0
2400801,24510,1.0
2400802,24510,1.0
2400803,24510,1.0
2400804,24510,1.0
2400805,24510,1.0
2400901,24027,1.0
2400902,24027,1.0
2400903,24027,1.0
2401001,24031,1.0
2401002,24031,1.0
2401003,24031,1.0
2401004,24031,1.0
2401005,24031,1.0
2401006,24031,1.0
2401007,24031,1.0
2401008,24031,1.0
2401101,24033,1.0
2401102,24033,1.0
2401103,24033,1.0
2401104,24033,1.0
2401105,24033,1.0
2401106,24033,1.0
2401107,24033,1.0
2401201,24003,1.0
2401202,24003,1.0
2401203,24003,1.0
2401204,24003,1.0
2401205,24003,1.0
2401300,24011,0.18
2401300,24019,0.2
2401300,24029,0.12
2401300,24035,0.28
2401300,24041,0.22
2401400,24039,0.152174
2401400,24045,0.456522
2401400,24047,0.391304
2401501,24009,0.904762
2401501,24037,0.095238
2401601,24037,1.0
2401700,24017,1.0
2500100,25003,1.0
2500201,25011,0.633333
2500201,25015,0.366667
2500301,25015,1.0
2500401,25013,1.0
2500402,25013,1.0
2500403,25013,1.0
2500501,25027,1.0
2500502,25027,1.0
2500503,25027,1.0
2500504,25027,1.0
2500505,25027,1.0
2500506,25027,1.0
2500507,25027,1.0
2500601,25017,1.0
2500602,25017,1.0
2500603,25017,1.0
2500604,25017,1.0
2500605,25017,1.0
2500606,25017,1.0
2500607,25017,1.0
2500608,25017,1.0
2500609,25017,1.0
2500610,25017,1.0
2500611,25017,1.0
2500612,25017,1.0
2500613,25017,1.0
2500701,25009,1.0
2500702,25009,1.0
2500703,25009,1.0
2500704,25009,1.0
2500705,25009,1.0
2500706,25009,1.0
2500801,25025,1.0
2500802,25025,1.0
2500803,25025,1.0
2500804,25025,1.0
2500805,25025,1.0
2500806,25025,1.0
2500901,25021,1.0
2500902,25021,1.0
2500903,25021,1.0
2500904,25021,1.0
2500905,25021,1.0
2500906,25021,1.0
2501001,25005,1.0
2501002,25005,1.0
2501003,25005,1.0
2501004,25005,1.0
2501101,25023,1.0
2501102,25023,1.0
2501103,25023,1.0
2501104,25023,1.0
2501201,25001,1.0
2501301,25001,0.684211
2501301,25007,0.131579
2501301,25019,0.184211
2600100,26013,0.044118
2600100,26043,0.102941
2600100,26053,0.102941
2600100,26061,0.176471
2600100,26071,0.073529
2600100,26083,0.044118
2600100,26103,0.397059
2600100,26131,0.058824
2600200,26003,0.071429
2600200,26033,0.303571
2600200,26041,0.232143
2600200,26095,0.071429
2600200,26097,0.107143
2600200,26109,0.142857
2600200,26153,0.071429
2600300,26001,0.109091
2600300,26007,0.2
2600300,26031,0.181818
2600300,26039,0.090909
2600300,26119,0.090909
2600300,26135,0.090909
2600300,26137,0.109091
2600300,26141,0.127273
2600400,26009,0.2
2600400,26029,0.254545
2600400,26047,0.2
2600400,26079,0.109091
2600400,26113,0.090909
2600400,26165,0.145455
2600500,26019,0.137255
2600500,26055,0.470588
2600500,26089,0.196078
2600500,26101,0.196078
2600600,26085,0.125
2600600,26105,0.28125
2600600,26123,0.34375
2600600,26127,0.25
2600700,26121,1.0
2600801,26139,1.0
2600802,26139,1.0
2600900,26005,1.0
2601001,26081,1.0
2601002,26081,1.0
2601003,26081,1.0
2601004,26081,1.0
2601100,26067,0.32
2601100,26107,0.26
2601100,26117,0.28
2601100,26133,0.14
2601200,26035,0.3
2601200,26057,0.25
2601200,26073,0.45
2601300,26011,0.14
2601300,26051,0.2
2601300,26069,0.24
2601300,26129,0.16
2601300,26143,0.26
2601400,26017,0.571429
2601400,26111,0.428571
2601500,26145,1.0
2601600,26063,0.325
2601600,26151,0.325
2601600,26157,0.35
2601701,26049,0.428571
2601701,26087,0.571429
2601702,26049,1.0
2601703,26049,1.0
2601704,26049,0.653846
2601704,26155,0.346154
2601801,26065,1.0
2601802,26065,1.0
2601900,26037,0.442308
2601900,26045,0.557692
2602000,26015,0.285714
2602000,26025,0.714286
2602101,26077,1.0
2602102,26077,1.0
2602200,26023,0.419355
2602200,26149,0.580645
2602300,26027,0.394737
2602300,26159,0.605263
2602400,26021,1.0
2602500,26059,0.342105
2602500,26091,0.657895
2602600,26075,1.0
2602701,26161,1.0
2602702,26161,1.0
2602703,26161,1.0
2602800,26093,1.0
2602901,26125,1.0
2602902,26125,1.0
2602903,26125,1.0
2602904,26125,1.0
2602905,26125,1.0
2602906,26125,1.0
2602907,26125,1.0
2602908,26125,1.0
2603001,26099,1.0
2603002,26099,1.0
2603003,26099,1.0
2603004,26099,1.0
2603005,26099,1.0
2603006,26099,1.0
2603100,26147,1.0
2603201,26163,1.0
2603202,26163,1.0
2603203,26163,1.0
2603204,26163,1.0
2603205,26163,1.0
2603206,26163,1.0
2603207,26163,1.0
2603208,26163,1.0
2603209,26163,1.0
2603210,26163,1.0
2603211,26163,1.0
2603212,26163,1.0
2603213,26163,1.0
2603300,26115,1.0
2700101,27005,0.192308
2700101,27007,0.057692
2700101,27029,0.057692
2700101,27069,0.038462
2700101,27077,0.057692
2700101,27087,0.038462
2700101,27089,0.076923
2700101,27107,0.057692
2700101,27113,0.096154
2700101,27119,0.192308
2700101,27125,0.038462
2700101,27135,0.096154
2700201,27007,0.2
2700201,27021,0.2
2700201,27057,0.127273
2700201,27061,0.381818
2700201,27071,0.090909
2700301,27031,0.090909
2700301,27075,0.113636
2700301,27137,0.795455
2700401,27137,1.0
2700501,27001,0.242424
2700501,27017,0.272727
2700501,27065,0.121212
2700501,27115,0.272727
2700501,27137,0.090909
2700600,27035,0.525
2700600,27097,0.2
2700600,27153,0.2
2700600,27159,0.075
2700700,27027,0.457143
2700700,27111,0.485714
2700700,27167,0.057143
2700800,27011,0.073171
2700800,27023,0.121951
2700800,27041,0.268293
2700800,27051,0.04878
2700800,27073,0.073171
2700800,27121,0.097561
2700800,27149,0.073171
2700800,27151,0.097561
2700800,27155,0.04878
2700800,27173,0.097561
2700901,27009,0.192308
2700901,27145,0.807692
2701001,27009,0.217391
2701001,27141,0.086957
2701001,27145,0.695652
2701101,27141,0.85
2701101,27171,0.15
2701200,27025,0.448276
2701200,27059,0.310345
2701200,27095,0.241379
2701301,27003,1.0
2701302,27003,1.0
2701303,27003,1.0
2701401,27163,1.0
2701402,27163,1.0
2701501,27123,1.0
2701502,27123,1.0
2701503,27123,1.0
2701504,27123,1.0
2701505,27123,1.0
2701601,27053,1.0
2701602,27053,1.0
2701603,27053,1.0
2701604,27053,1.0
2701605,27053,1.0
2701606,27053,1.0
2701607,27053,1.0
2701608,27053,1.0
2701609,27053,1.0
2701610,27053,1.0
2701611,27053,1.0
2701701,27037,1.0
2701702,27037,1.0
2701703,27037,1.0
2701704,27037,1.0
2701800,27139,1.0
2701900,27019,1.0
2702001,27171,1.0
2702100,27067,0.324324
2702100,27085,0.243243
2702100,27093,0.162162
2702100,27129,0.162162
2702100,27143,0.108108
2702200,27033,0.1
2702200,27063,0.1
2702200,27081,0.05
2702200,27083,0.175
2702200,27101,0.075
2702200,27105,0.15
2702200,27117,0.125
2702200,27127,0.15
2702200,27133,0.075
2702300,27015,0.235294
2702300,27043,0.176471
2702300,27047,0.294118
2702300,27091,0.205882
2702300,27165,0.088235
2702400,27013,0.695652
2702400,27103,0.304348
2702500,27079,0.194444
2702500,27131,0.444444
2702500,27147,0.222222
2702500,27161,0.138889
2702600,27049,0.366667
2702600,27157,0.2
2702600,27169,0.433333
2702700,27109,1.0
2702800,27039,0.185185
2702800,27045,0.222222
2702800,27055,0.185185
2702800,27099,0.407407
2800100,28033,1.0
2800200,28003,0.227273
2800200,28009,0.068182
2800200,28093,0.227273
2800200,28117,0.181818
2800200,28139,0.136364
2800200,28141,0.159091
2800300,28027,0.2
2800300,28107,0.314286
2800300,28119,0.085714
2800300,28135,0.114286
2800300,28137,0.171429
2800300,28143,0.114286
2800400,28013,0.119048
2800400,28017,0.119048
2800400,28057,0.142857
2800400,28071,0.357143
2800400,28095,0.261905
2800500,28081,0.657143
2800500,28115,0.171429
2800500,28145,0.171429
2800600,28019,0.06
2800600,28025,0.1
2800600,28087,0.36
2800600,28103,0.06
2800600,28105,0.26
2800600,28155,0.06
2800600,28159,0.1
2800700,28007,0.157895
2800700,28015,0.078947
2800700,28043,0.184211
2800700,28051,0.157895
2800700,28083,0.210526
2800700,28097,0.105263
2800700,28161,0.105263
2800800,28011,0.219512
2800800,28053,0.073171
2800800,28055,0.02439
2800800,28125,0.04878
2800800,28133,0.170732
2800800,28151,0.463415
2800900,28089,0.787879
2800900,28163,0.212121
2801001,28029,0.242424
2801001,28049,0.363636
2801001,28149,0.393939
2801101,28049,1.0
2801300,28121,0.804348
2801300,28127,0.195652
2801400,28061,0.194444
2801400,28069,0.055556
2801400,28079,0.166667
2801400,28099,0.222222
2801400,28123,0.222222
2801400,28129,0.138889
2801500,28023,0.138889
2801500,28075,0.694444
2801500,28101,0.166667
2801600,28001,0.178571
2801600,28005,0.071429
2801600,28021,0.053571
2801600,28037,0.053571
2801600,28063,0.071429
2801600,28077,0.053571
2801600,28085,0.178571
2801600,28113,0.196429
2801600,28147,0.089286
2801600,28157,0.053571
2801700,28031,0.125
2801700,28041,0.1
2801700,28065,0.1
2801700,28067,0.5
2801700,28153,0.175
2801800,28035,0.446809
2801800,28073,0.361702
2801800,28091,0.12766
2801800,28111,0.06383
2801900,28039,0.133333
2801900,28045,0.4
2801900,28109,0.355556
2801900,28131,0.111111
2802001,28047,1.0
2802002,28047,1.0
2802100,28059,1.0
2900100,29005,0.047619
2900100,29061,0.047619
2900100,29075,0.047619
2900100,29079,0.095238
2900100,29081,0.071429
2900100,29087,0.071429
2900100,29115,0.119048
2900100,29117,0.119048
2900100,29129,0.047619
2900100,29147,0.142857
2900100,29171,0.047619
2900100,29197,0.047619
2900100,29211,0.071429
2900100,29227,0.02381
2900200,29003,0.147059
2900200,29021,0.764706
2900200,29063,0.088235
2900300,29001,0.195122
2900300,29045,0.073171
2900300,29103,0.04878
2900300,29111,0.097561
2900300,29121,0.121951
2900300,29127,0.195122
2900300,29137,0.073171
2900300,29173,0.073171
2900300,29199,0.04878
2900300,29205,0.073171
2900400,29007,0.184211
2900400,29113,0.342105
2900400,29139,0.105263
2900400,29163,0.131579
2900400,29219,0.236842
2900501,29019,0.236842
2900501,29027,0.289474
2900501,29051,0.473684
2900601,29019,1.0
2900700,29033,0.076923
2900700,29041,0.076923
2900700,29053,0.128205
2900700,29089,0.076923
2900700,29159,0.282051
2900700,29175,0.153846
2900700,29195,0.205128
2900800,29025,0.083333
2900800,29049,0.138889
2900800,29101,0.388889
2900800,29107,0.222222
2900800,29177,0.166667
2900901,29047,1.0
2900902,29047,1.0
2901000,29165,1.0
2901101,29095,1.0
2901102,29095,1.0
2901103,29095,1.0
2901104,29095,1.0
2901105,29095,1.0
2901200,29013,0.142857
2901200,29037,0.857143
2901300,29011,0.088235
2901300,29039,0.117647
2901300,29057,0.058824
2901300,29083,0.176471
2901300,29109,0.294118
2901300,29185,0.088235
2901300,29217,0.176471
2901400,29015,0.242424
2901400,29059,0.121212
2901400,29085,0.121212
2901400,29105,0.272727
2901400,29167,0.242424
2901500,29029,0.475
2901500,29131,0.225
2901500,29135,0.1
2901500,29141,0.2
2901600,29073,0.135135
2901600,29125,0.081081
2901600,29151,0.108108
2901600,29161,0.324324
2901600,29169,0.351351
2901700,29055,0.222222
2901700,29071,0.777778
2901801,29183,1.0
2901802,29183,1.0
2901803,29183,1.0
2901901,29189,1.0
2901902,29189,1.0
2901903,29189,1.0
2901904,29189,1.0
2901905,29189,1.0
2901906,29189,1.0
2901907,29189,1.0
2901908,29189,1.0
2902001,29510,1.0
2902002,29510,1.0
2902101,29099,1.0
2902102,29099,1.0
2902200,29157,0.142857
2902200,29186,0.142857
2902200,29187,0.542857
2902200,29221,0.171429
2902300,29031,0.633333
2902300,29201,0.366667
2902400,29017,0.081081
2902400,29069,0.27027
2902400,29133,0.108108
2902400,29143,0.162162
2902400,29155,0.162162
2902400,29207,0.216216
2902500,29023,0.315789
2902500,29035,0.052632
2902500,29065,0.105263
2902500,29093,0.105263
2902500,29123,0.105263
2902500,29179,0.052632
2902500,29181,0.105263
2902500,29203,0.052632
2902500,29223,0.105263
2902600,29067,0.096774
2902600,29091,0.322581
2902600,29149,0.096774
2902600,29153,0.096774
2902600,29215,0.258065
2902600,29229,0.129032
2902701,29043,0.527778
2902701,29077,0.25
2902701,29225,0.222222
2902702,29077,1.0
2902703,29077,1.0
2902800,29009,0.217391
2902800,29119,0.130435
2902800,29209,0.26087
2902800,29213,0.391304
2902900,29097,0.690476
2902900,29145,0.309524
3000100,30029,0.761905
3000100,30035,0.095238
3000100,30053,0.142857
3000200,30047,0.222222
3000200,30061,0.044444
3000200,30063,0.644444
3000200,30089,0.088889
3000300,30001,0.083333
3000300,30023,0.083333
3000300,30039,0.055556
3000300,30057,0.111111
3000300,30077,0.055556
3000300,30081,0.361111
3000300,30093,0.25
3000400,30031,1.0
3000500,30013,0.595238
3000500,30049,0.404762
3000600,30005,0.08
3000600,30007,0.04
3000600,30009,0.1
3000600,30015,0.04
3000600,30027,0.06
3000600,30037,0.02
3000600,30041,0.12
3000600,30043,0.06
3000600,30045,0.02
3000600,30051,0.02
3000600,30059,0.02
3000600,30067,0.12
3000600,30069,0.02
3000600,30071,0.02
3000600,30073,0.04
3000600,30095,0.06
3000600,30097,0.02
3000600,30099,0.06
3000600,30101,0.06
3000600,30107,0.02
3000700,30003,0.096154
3000700,30011,0.019231
3000700,30017,0.115385
3000700,30019,0.019231
3000700,30021,0.057692
3000700,30025,0.019231
3000700,30033,0.019231
3000700,30055,0.019231
3000700,30065,0.038462
3000700,30075,0.019231
3000700,30079,0.019231
3000700,30083,0.096154
3000700,30085,0.057692
3000700,30087,0.076923
3000700,30091,0.038462
3000700,30103,0.019231
3000700,30105,0.057692
3000700,30109,0.019231
3000700,30111,0.192308
3000800,30111,1.0
3100100,31007,0.027027
3100100,31013,0.081081
3100100,31015,0.027027
3100100,31017,0.027027
3100100,31031,0.054054
3100100,31033,0.081081
3100100,31045,0.054054
3100100,31049,0.027027
3100100,31069,0.027027
3100100,31089,0.108108
3100100,31103,0.027027
3100100,31105,0.027027
3100100,31123,0.027027
3100100,31149,0.027027
3100100,31157,0.297297
3100100,31161,0.054054
3100100,31165,0.027027
3100200,31003,0.057692
3100200,31011,0.038462
3100200,31021,0.057692
3100200,31027,0.038462
3100200,31037,0.057692
3100200,31039,0.057692
3100200,31043,0.096154
3100200,31051,0.038462
3100200,31107,0.057692
3100200,31119,0.173077
3100200,31125,0.019231
3100200,31139,0.038462
3100200,31141,0.153846
3100200,31167,0.038462
3100200,31173,0.038462
3100200,31179,0.038462
3100300,31009,0.029412
3100300,31041,0.117647
3100300,31071,0.029412
3100300,31077,0.029412
3100300,31079,0.411765
3100300,31081,0.088235
3100300,31093,0.058824
3100300,31115,0.029412
3100300,31121,0.088235
3100300,31163,0.029412
3100300,31175,0.058824
3100300,31183,0.029412
3100400,31005,0.028571
3100400,31029,0.028571
3100400,31047,0.2
3100400,31057,0.028571
3100400,31063,0.028571
3100400,31065,0.028571
3100400,31073,0.028571
3100400,31075,0.028571
3100400,31085,0.028571
3100400,31087,0.028571
3100400,31091,0.028571
3100400,31101,0.085714
3100400,31111,0.228571
3100400,31113,0.028571
3100400,31117,0.028571
3100400,31135,0.028571
3100400,31145,0.085714
3100400,31171,0.028571
3100500,31001,0.264706
3100500,31019,0.323529
3100500,31035,0.058824
3100500,31061,0.058824
3100500,31083,0.029412
3100500,31099,0.058824
3100500,31129,0.058824
3100500,31137,0.088235
3100500,31181,0.058824
3100600,31023,0.066667
3100600,31059,0.044444
3100600,31067,0.155556
3100600,31095,0.066667
3100600,31097,0.044444
3100600,31127,0.044444
3100600,31131,0.111111
3100600,31133,0.022222
3100600,31143,0.044444
3100600,31147,0.066667
3100600,31151,0.111111
3100600,31159,0.088889
3100600,31169,0.044444
3100600,31185,0.088889
3100701,31025,0.24
3100701,31053,0.36
3100701,31155,0.2
3100701,31177,0.2
3100702,31153,1.0
3100801,31109,1.0
3100802,31109,1.0
3100901,31055,1.0
3100902,31055,1.0
3100903,31055,1.0
3100904,31055,1.0
3200101,32031,1.0
3200102,32031,1.0
3200103,32031,1.0
3200200,32001,0.12963
3200200,32007,0.277778
3200200,32009,0.018519
3200200,32011,0.018519
3200200,32013,0.092593
3200200,32015,0.037037
3200200,32017,0.037037
3200200,32021,0.037037
3200200,32023,0.277778
3200200,32027,0.018519
3200200,32033,0.055556
3200300,32005,0.333333
3200300,32019,0.352941
3200300,32029,0.019608
3200300,32510,0.294118
3200401,32003,1.0
3200402,32003,1.0
3200403,32003,1.0
3200404,32003,1.0
3200405,32003,1.0
3200406,32003,1.0
3200407,32003,1.0
3200408,32003,1.0
3200409,32003,1.0
3200410,32003,1.0
3200411,32003,1.0
3200412,32003,1.0
3200413,32003,1.0
3200414,32003,1.0
3200415,32003,1.0
3300100,33007,0.22
3300100,33009,0.56
3300100,33019,0.22
3300201,33001,0.428571
3300201,33003,0.452381
3300201,33013,0.119048
3300301,33015,0.142857
3300301,33017,0.857143
3300401,33013,1.0
3300501,33005,0.62069
3300501,33011,0.37931
3300601,33011,1.0
3300602,33011,1.0
3300603,33011,1.0
3300701,33011,0.3125
3300701,33013,0.09375
3300701,33015,0.59375
3300801,33015,1.0
3400101,34001,1.0
3400102,34001,1.0
3400301,34003,1.0
3400302,34003,1.0
3400303,34003,1.0
3400304,34003,1.0
3400305,34003,1.0
3400306,34003,1.0
3400307,34003,1.0
3400308,34003,1.0
3400501,34031,1.0
3400502,34031,1.0
3400503,34031,1.0
3400504,34031,1.0
3400601,34017,1.0
3400602,34017,1.0
3400603,34017,1.0
3400604,34017,1.0
3400605,34017,1.0
3400800,34019,1.0
3400901,34023,1.0
3400902,34023,1.0
3400903,34023,1.0
3400904,34023,1.0
3400905,34023,1.0
3400906,34023,1.0
3400907,34023,1.0
3401001,34035,1.0
3401002,34035,1.0
3401003,34035,1.0
3401101,34025,1.0
3401102,34025,1.0
3401103,34025,1.0
3401104,34025,1.0
3401105,34025,1.0
3401106,34025,1.0
3401201,34029,1.0
3401202,34029,1.0
3401203,34029,1.0
3401204,34029,1.0
3401205,34029,1.0
3401401,34013,1.0
3401402,34013,1.0
3401403,34013,1.0
3401404,34013,1.0
3401405,34013,1.0
3401406,34013,1.0
3401407,34013,1.0
3401501,34027,1.0
3401502,34027,1.0
3401503,34027,1.0
3401504,34027,1.0
3401600,34037,1.0
3401700,34041,1.0
3401901,34039,1.0
3401902,34039,1.0
3401903,34039,1.0
3401904,34039,1.0
3401905,34039,1.0
3402001,34005,1.0
3402002,34005,1.0
3402003,34005,1.0
3402101,34007,1.0
3402102,34007,1.0
3402103,34007,1.0
3402104,34007,1.0
3402201,34015,1.0
3402202,34015,1.0
3402301,34021,1.0
3402302,34021,1.0
3402303,34021,1.0
3402401,34011,1.0
3402501,34011,0.324324
3402501,34033,0.675676
3402601,34001,0.108108
3402601,34009,0.891892
3500100,35006,0.1875
3500100,35031,0.6875
3500100,35045,0.125
3500200,35045,1.0
3500300,35028,0.108108
3500300,35033,0.054054
3500300,35039,0.297297
3500300,35047,0.27027
3500300,35055,0.27027
3500400,35005,0.369565
3500400,35007,0.065217
3500400,35009,0.304348
3500400,35011,0.021739
3500400,35019,0.021739
3500400,35021,0.021739
3500400,35037,0.065217
3500400,35041,0.108696
3500400,35059,0.021739
3500500,35043,0.018182
3500500,35049,0.981818
3500600,35043,1.0
3500701,35001,1.0
3500702,35001,1.0
3500703,35001,1.0
3500704,35001,1.0
3500705,35001,1.0
3500706,35001,1.0
3500800,35001,0.175
3500800,35049,0.075
3500800,35057,0.125
3500800,35061,0.625
3500900,35003,0.032787
3500900,35017,0.163934
3500900,35023,0.032787
3500900,35027,0.147541
3500900,35029,0.114754
3500900,35035,0.344262
3500900,35051,0.065574
3500900,35053,0.098361
3501001,35013,1.0
3501002,35013,1.0
3501100,35015,0.419355
3501100,35025,0.580645
3600100,36089,1.0
3600200,36019,0.372881
3600200,36031,0.305085
3600200,36033,0.254237
3600200,36041,0.067797
3600300,36113,0.522727
3600300,36115,0.477273
3600401,36043,0.558824
3600401,36065,0.441176
3600402,36065,1.0
3600403,36043,0.027778
3600403,36065,0.138889
3600403,36077,0.611111
3600403,36095,0.222222
3600500,36045,0.8
3600500,36049,0.2
3600600,36075,1.0
3600701,36067,1.0
3600702,36067,1.0
3600703,36067,1.0
3600704,36011,0.675676
3600704,36067,0.324324
3600800,36099,0.244444
3600800,36117,0.577778
3600800,36123,0.177778
3600901,36055,1.0
3600902,36055,1.0
3600903,36055,1.0
3600904,36055,1.0
3600905,36055,1.0
3600906,36055,1.0
3601000,36037,0.409091
3601000,36073,0.318182
3601000,36121,0.272727
3601101,36063,1.0
3601102,36063,1.0
3601201,36029,1.0
3601202,36029,1.0
3601203,36029,1.0
3601204,36029,1.0
3601205,36029,1.0
3601206,36029,1.0
3601207,36029,1.0
3601300,36051,0.310345
3601300,36069,0.689655
3601500,36023,0.40625
3601500,36053,0.59375
3601600,36035,0.515152
3601600,36057,0.484848
3601700,36093,1.0
3601801,36091,1.0
3601802,36091,1.0
3601900,36083,1.0
3602001,36001,1.0
3602002,36001,1.0
3602100,36021,0.538462
3602100,36039,0.461538
3602201,36007,1.0
3602204,36007,0.37037
3602204,36017,0.296296
3602204,36025,0.333333
3602300,36109,1.0
3602403,36015,0.594595
3602403,36101,0.216216
3602403,36107,0.189189
3602404,36015,0.085714
3602404,36097,0.142857
3602404,36101,0.657143
3602404,36107,0.114286
3602500,36003,0.4
3602500,36009,0.6
3602600,36013,1.0
3602701,36105,0.72093
3602701,36111,0.27907
3602702,36111,1.0
3602803,36027,1.0
3602804,36027,1.0
3602805,36027,0.272727
3602805,36079,0.727273
3602901,36071,1.0
3602902,36071,1.0
3602903,36071,1.0
3603001,36087,1.0
3603002,36087,1.0
3603003,36087,1.0
3603102,36119,1.0
3603103,36119,1.0
3603110,36119,1.0
3603111,36119,1.0
3603112,36119,1.0
3603113,36119,1.0
3603114,36119,1.0
3603201,36059,1.0
3603202,36059,1.0
3603203,36059,1.0
3603204,36059,1.0
3603205,36059,1.0
3603206,36059,1.0
3603207,36059,1.0
3603208,36059,1.0
3603209,36059,1.0
3603210,36059,1.0
3603211,36059,1.0
3603212,36059,1.0
3603301,36103,1.0
3603302,36103,1.0
3603303,36103,1.0
3603304,36103,1.0
3603305,36103,1.0
3603306,36103,1.0
3603307,36103,1.0
3603308,36103,1.0
3603309,36103,1.0
3603310,36103,1.0
3603311,36103,1.0
3603312,36103,1.0
3603313,36103,1.0
3604103,36061,1.0
3604104,36061,1.0
3604107,36061,1.0
3604108,36061,1.0
3604109,36061,1.0
3604110,36061,1.0
3604111,36061,1.0
3604112,36061,1.0
3604121,36061,1.0
3604165,36061,1.0
3604204,36005,1.0
3604205,36005,1.0
3604207,36005,1.0
3604208,36005,1.0
3604209,36005,1.0
3604210,36005,1.0
3604211,36005,1.0
3604212,36005,1.0
3604221,36005,1.0
3604263,36005,1.0
3604301,36047,1.0
3604302,36047,1.0
3604303,36047,1.0
3604304,36047,1.0
3604305,36047,1.0
3604306,36047,1.0
3604307,36047,1.0
3604308,36047,1.0
3604309,36047,1.0
3604310,36047,1.0
3604311,36047,1.0
3604312,36047,1.0
3604313,36047,1.0
3604314,36047,1.0
3604315,36047,1.0
3604316,36047,1.0
3604317,36047,1.0
3604318,36047,1.0
3604401,36081,1.0
3604402,36081,1.0
3604403,36081,1.0
3604404,36081,1.0
3604405,36081,1.0
3604406,36081,1.0
3604407,36081,1.0
3604408,36081,1.0
3604409,36081,1.0
3604410,36081,1.0
3604411,36081,1.0
3604412,36081,1.0
3604413,36081,1.0
3604414,36081,1.0
3604501,36085,1.0
3604502,36085,1.0
3604503,36085,1.0
3700100,37009,0.25
3700100,37011,0.138889
3700100,37121,0.111111
3700100,37189,0.361111
3700100,37199,0.138889
3700200,37005,0.068182
3700200,37171,0.522727
3700200,37193,0.409091
3700300,37157,0.628571
3700300,37169,0.371429
3700400,37033,0.214286
3700400,37077,0.535714
3700400,37145,0.25
3700500,37069,0.571429
3700500,37181,0.428571
3700600,37083,0.390244
3700600,37091,0.195122
3700600,37131,0.243902
3700600,37185,0.170732
3700700,37029,0.060606
3700700,37041,0.121212
3700700,37053,0.30303
3700700,37073,0.090909
3700700,37139,0.30303
3700700,37143,0.121212
3700800,37013,0.25
3700800,37015,0.096154
3700800,37055,0.230769
3700800,37095,0.076923
3700800,37117,0.115385
3700800,37137,0.134615
3700800,37177,0.019231
3700800,37187,0.076923
3700900,37065,0.358974
3700900,37127,0.641026
3701001,37079,0.116279
3701001,37101,0.302326
3701001,37195,0.581395
3701101,37101,1.0
3701201,37183,1.0
3701202,37183,1.0
3701203,37183,1.0
3701204,37183,1.0
3701205,37183,1.0
3701206,37183,1.0
3701207,37183,1.0
3701208,37183,1.0
3701301,37063,1.0
3701302,37063,1.0
3701400,37135,1.0
3701500,37037,0.542857
3701500,37105,0.457143
3701600,37001,1.0
3701701,37081,1.0
3701702,37081,1.0
3701703,37081,1.0
3701704,37081,1.0
3701801,37067,1.0
3701802,37067,1.0
3701803,37067,1.0
3701900,37059,0.384615
3701900,37097,0.269231
3701900,37197,0.346154
3702000,37003,0.269231
3702000,37027,0.730769
3702100,37023,0.636364
3702100,37111,0.363636
3702201,37021,1.0
3702202,37021,1.0
3702300,37075,0.083333
3702300,37087,0.583333
3702300,37115,0.194444
3702300,37173,0.138889
3702400,37039,0.342857
3702400,37043,0.114286
3702400,37099,0.257143
3702400,37113,0.285714
3702500,37089,0.714286
3702500,37175,0.285714
3702600,37045,0.302326
3702600,37149,0.186047
3702600,37161,0.511628
3702700,37045,0.37931
3702700,37109,0.62069
3702800,37035,1.0
3702900,37097,1.0
3703001,37071,1.0
3703002,37071,1.0
3703101,37119,1.0
3703102,37119,1.0
3703103,37119,1.0
3703104,37119,1.0
3703105,37119,1.0
3703106,37119,1.0
3703107,37119,1.0
3703108,37119,1.0
3703200,37025,1.0
3703300,37025,0.392857
3703300,37167,0.607143
3703400,37159,1.0
3703500,37057,1.0
3703600,37151,1.0
3703700,37123,0.25641
3703700,37125,0.74359
3703800,37085,1.0
3703900,37061,0.512195
3703900,37163,0.487805
3704000,37191,1.0
3704101,37103,0.1
3704101,37107,0.566667
3704101,37133,0.333333
3704200,37147,1.0
3704300,37031,0.559322
3704300,37049,0.440678
3704501,37133,1.0
3704601,37129,0.407407
3704601,37141,0.592593
3704701,37129,1.0
3704800,37019,1.0
3704900,37017,0.180328
3704900,37047,0.245902
3704900,37155,0.57377
3705001,37051,1.0
3705002,37051,1.0
3705003,37051,1.0
3705200,37093,0.375
3705200,37153,0.34375
3705200,37165,0.28125
3705301,37007,0.310345
3705301,37179,0.689655
3705401,37179,1.0
3800100,38001,0.028571
3800100,38007,0.028571
3800100,38011,0.057143
3800100,38023,0.028571
3800100,38025,0.028571
3800100,38033,0.028571
3800100,38037,0.028571
3800100,38041,0.057143
3800100,38053,0.142857
3800100,38085,0.057143
3800100,38087,0.028571
3800100,38089,0.257143
3800100,38105,0.228571
3800200,38009,0.088235
3800200,38013,0.029412
3800200,38049,0.058824
3800200,38055,0.088235
3800200,38057,0.088235
3800200,38061,0.088235
3800200,38065,0.029412
3800200,38075,0.029412
3800200,38083,0.029412
3800200,38101,0.470588
3800300,38015,0.730769
3800300,38059,0.269231
3800400,38003,0.086957
3800400,38005,0.065217
3800400,38021,0.065217
3800400,38027,0.021739
3800400,38029,0.021739
3800400,38031,0.021739
3800400,38039,0.021739
3800400,38043,0.021739
3800400,38045,0.043478
3800400,38047,0.021739
3800400,38051,0.021739
3800400,38069,0.043478
3800400,38073,0.065217
3800400,38077,0.130435
3800400,38079,0.086957
3800400,38081,0.043478
3800400,38093,0.152174
3800400,38095,0.021739
3800400,38103,0.043478
3800500,38019,0.046512
3800500,38035,0.511628
3800500,38063,0.023256
3800500,38067,0.093023
3800500,38071,0.069767
3800500,38091,0.023256
3800500,38097,0.093023
3800500,38099,0.139535
3800600,38017,1.0
3900100,39039,0.219512
3900100,39107,0.219512
3900100,39125,0.121951
3900100,39161,0.219512
3900100,39171,0.219512
3900200,39051,0.4
3900200,39069,0.28
3900200,39137,0.32
3900301,39095,1.0
3900302,39095,1.0
3900303,39095,1.0
3900401,39095,0.189189
3900401,39123,0.405405
3900401,39143,0.405405
3900500,39043,0.606061
3900500,39077,0.393939
3900601,39093,1.0
3900602,39093,1.0
3900701,39035,1.0
3900702,39035,1.0
3900703,39035,1.0
3900704,39035,1.0
3900705,39035,1.0
3900706,39035,1.0
3900707,39035,1.0
3900708,39035,1.0
3900709,39035,1.0
3900710,39035,1.0
3900801,39085,1.0
3900802,39085,1.0
3900900,39007,0.58
3900900,39055,0.42
3901001,39099,0.323529
3901001,39155,0.676471
3901002,39155,1.0
3901003,39099,1.0
3901100,39133,1.0
3901201,39153,1.0
3901202,39153,1.0
3901203,39153,1.0
3901204,39153,1.0
3901300,39103,1.0
3901400,39169,1.0
3901500,39005,0.375
3901500,39031,0.3125
3901500,39075,0.3125
3901600,39139,1.0
3901700,39033,0.393939
3901700,39147,0.424242
3901700,39175,0.181818
3901800,39173,1.0
3901900,39063,0.652174
3901900,39065,0.347826
3902000,39003,1.0
3902100,39011,0.34375
3902100,39021,0.3125
3902100,39091,0.34375
3902200,39037,0.388889
3902200,39135,0.333333
3902200,39149,0.277778
3902300,39109,1.0
3902400,39023,1.0
3902500,39097,0.292683
3902500,39129,0.390244
3902500,39159,0.317073
3902600,39083,0.341463
3902600,39101,0.439024
3902600,39117,0.219512
3902701,39151,1.0
3902702,39151,1.0
3902703,39019,0.233333
3902703,39151,0.766667
3902800,39029,0.531915
3902800,39081,0.468085
3902900,39067,0.172414
3902900,39157,0.827586
3903000,39013,0.55
3903000,39059,0.25
3903000,39111,0.1
3903000,39121,0.1
3903100,39115,0.117647
3903100,39119,0.617647
3903100,39127,0.264706
3903200,39089,1.0
3903301,39041,1.0
3903302,39041,1.0
3903401,39049,1.0
3903402,39049,1.0
3903403,39049,1.0
3903404,39049,1.0
3903405,39049,1.0
3903406,39049,1.0
3903407,39049,1.0
3903408,39049,1.0
3903409,39049,1.0
3903410,39049,1.0
3903411,39049,1.0
3903500,39045,1.0
3903600,39057,1.0
3903701,39113,1.0
3903702,39113,1.0
3903703,39113,1.0
3903704,39113,1.0
3903801,39017,1.0
3903802,39017,1.0
3903803,39017,1.0
3903901,39165,1.0
3903902,39165,1.0
3904000,39027,0.357143
3904000,39047,0.25
3904000,39071,0.392857
3904100,39073,0.259259
3904100,39141,0.62963
3904100,39163,0.111111
3904200,39009,0.384615
3904200,39105,0.153846
3904200,39167,0.461538
3904300,39053,0.242424
3904300,39079,0.212121
3904300,39087,0.545455
3904400,39001,0.2
3904400,39131,0.2
3904400,39145,0.6
3904501,39015,0.37037
3904501,39025,0.62963
3904602,39025,1.0
3904701,39061,1.0
3904702,39061,1.0
3904703,39061,1.0
3904704,39061,1.0
3904705,39061,1.0
3904706,39061,1.0
3904707,39061,1.0
4020100,40003,0.069767
4020100,40007,0.069767
4020100,40011,0.116279
4020100,40025,0.046512
4020100,40043,0.069767
4020100,40045,0.046512
4020100,40059,0.046512
4020100,40073,0.093023
4020100,40093,0.069767
4020100,40129,0.023256
4020100,40139,0.139535
4020100,40151,0.093023
4020100,40153,0.116279
4020200,40047,0.5
4020200,40053,0.058824
4020200,40071,0.323529
4020200,40103,0.117647
4020300,40113,0.40625
4020300,40117,0.15625
4020300,40147,0.4375
4020400,40105,0.125
4020400,40131,0.875
4020500,40035,0.135135
4020500,40041,0.351351
4020500,40097,0.27027
4020500,40115,0.243243
4020600,40001,0.166667
4020600,40021,0.433333
4020600,40135,0.4
4020700,40101,0.444444
4020700,40145,0.555556
4020801,40143,1.0
4020802,40143,1.0
4020803,40143,1.0
4020804,40143,1.0
4020805,40143,1.0
4020900,40037,0.676471
4020900,40111,0.323529
4021000,40063,0.125
4021000,40091,0.2
4021000,40107,0.1
4021000,40121,0.35
4021000,40133,0.225
4021100,40083,0.361111
4021100,40119,0.638889
4021200,40081,0.285714
4021200,40125,0.714286
4021301,40027,1.0
4021302,40027,1.0
4021401,40109,1.0
4021402,40109,1.0
4021403,40109,1.0
4021404,40109,1.0
4021405,40109,1.0
4021406,40109,1.0
4021500,40017,1.0
4021600,40009,0.090909
4021600,40015,0.227273
4021600,40039,0.159091
4021600,40055,0.045455
4021600,40057,0.022727
4021600,40065,0.181818
4021600,40075,0.068182
4021600,40141,0.113636
4021600,40149,0.090909
4021700,40031,0.95
4021700,40033,0.05
4021800,40049,0.272727
4021800,40051,0.454545
4021800,40087,0.272727
4021900,40019,0.421053
4021900,40067,0.078947
4021900,40085,0.078947
4021900,40099,0.131579
4021900,40137,0.289474
4022000,40005,0.1
4022000,40013,0.325
4022000,40029,0.05
4022000,40069,0.1
4022000,40095,0.15
4022000,40123,0.275
4022100,40023,0.135135
4022100,40061,0.108108
4022100,40077,0.081081
4022100,40079,0.324324
4022100,40089,0.243243
4022100,40127,0.108108
4100301,41003,0.916667
4100301,41043,0.083333
4100501,41005,1.0
4100502,41005,1.0
4100503,41005,1.0
4100504,41005,1.0
4101701,41017,1.0
4101702,41013,0.189189
4101702,41017,0.594595
4101702,41031,0.216216
4101900,41019,1.0
4102901,41029,1.0
4102902,41029,1.0
4103903,41039,1.0
4103904,41039,1.0
4103905,41039,1.0
4104301,41043,1.0
4104703,41047,1.0
4104704,41047,1.0
4104705,41047,1.0
4105101,41051,1.0
4105102,41051,1.0
4105103,41051,1.0
4105105,41051,1.0
4105114,41051,1.0
4105116,41051,1.0
4105901,41001,0.2
4105901,41059,0.433333
4105901,41061,0.266667
4105901,41063,0.1
4106501,41021,0.035714
4106501,41023,0.107143
4106501,41027,0.214286
4106501,41049,0.107143
4106501,41055,0.035714
4106501,41059,0.178571
4106501,41065,0.285714
4106501,41069,0.035714
4106720,41067,1.0
4106721,41067,1.0
4106722,41067,1.0
4106723,41067,1.0
4106724,41067,1.0
4107100,41071,1.0
4109000,41007,0.352941
4109000,41009,0.323529
4109000,41057,0.323529
4109100,41011,0.423077
4109100,41015,0.153846
4109100,41033,0.423077
4109200,41025,0.085714
4109200,41035,0.628571
4109200,41037,0.057143
4109200,41045,0.228571
4109300,41041,0.542857
4109300,41053,0.457143
4200111,42049,1.0
4200112,42049,1.0
4200200,42039,0.638889
4200200,42123,0.361111
4200300,42023,0.04
4200300,42033,0.4
4200300,42047,0.18
4200300,42083,0.24
4200300,42105,0.14
4200400,42015,0.365854
4200400,42113,0.097561
4200400,42115,0.292683
4200400,42117,0.243902
4200500,42103,0.595238
4200500,42127,0.404762
4200600,42089,1.0
4200701,42069,1.0
4200702,42069,0.78125
4200702,42131,0.21875
4200801,42079,1.0
4200802,42079,1.0
4200803,42037,0.432432
4200803,42079,0.567568
4200900,42035,0.238095
4200900,42081,0.761905
4201000,42093,0.137931
4201000,42097,0.862069
4201100,42067,0.157895
4201100,42087,0.342105
4201100,42109,0.210526
4201100,42119,0.289474
4201200,42027,1.0
4201300,42031,0.288889
4201300,42053,0.044444
4201300,42065,0.288889
4201300,42121,0.377778
4201400,42085,1.0
4201511,42007,0.222222
4201511,42073,0.777778
4201512,42007,1.0
4201600,42019,1.0
4201701,42003,1.0
4201702,42003,1.0
4201801,42003,1.0
4201802,42003,1.0
4201803,42003,1.0
4201804,42003,1.0
4201805,42003,1.0
4201806,42003,1.0
4201807,42003,1.0
4201900,42005,0.44186
4201900,42063,0.55814
4202011,42129,1.0
4202012,42129,1.0
4202013,42129,1.0
4202100,42021,1.0
4202200,42013,0.745098
4202200,42061,0.254902
4202301,42041,0.666667
4202301,42099,0.333333
4202302,42041,1.0
4202401,42043,1.0
4202402,42043,1.0
4202500,42075,1.0
4202600,42107,1.0
4202701,42011,1.0
4202702,42011,1.0
4202703,42011,1.0
4202801,42025,0.548387
4202801,42077,0.451613
4202802,42077,1.0
4202803,42077,1.0
4202901,42077,0.116279
4202901,42095,0.883721
4202902,42095,1.0
4203011,42017,1.0
4203012,42017,1.0
4203013,42017,1.0
4203014,42017,1.0
4203015,42017,1.0
4203111,42091,1.0
4203112,42091,1.0
4203113,42091,1.0
4203114,42091,1.0
4203115,42091,1.0
4203116,42091,1.0
4203117,42091,1.0
4203216,42101,1.0
4203221,42101,1.0
4203222,42101,1.0
4203223,42101,1.0
4203224,42101,1.0
4203225,42101,1.0
4203227,42101,1.0
4203228,42101,1.0
4203229,42101,1.0
4203230,42101,1.0
4203231,42101,1.0
4203311,42045,1.0
4203312,42045,1.0
4203313,42045,1.0
4203314,42045,1.0
4203411,42029,1.0
4203412,42029,1.0
4203413,42029,1.0
4203414,42029,1.0
4203415,42029,1.0
4203501,42071,1.0
4203502,42071,1.0
4203503,42071,1.0
4203504,42071,1.0
4203601,42133,1.0
4203602,42133,1.0
4203603,42133,1.0
4203701,42001,0.818182
4203701,42055,0.181818
4203702,42055,1.0
4203800,42009,0.307692
4203800,42057,0.076923
4203800,42111,0.615385
4203900,42051,1.0
4204011,42125,1.0
4204012,42059,0.285714
4204012,42125,0.714286
4400103,44007,1.0
4400105,44007,1.0
4400106,44007,1.0
4400107,44007,1.0
4400200,44003,1.0
4400300,44001,0.314286
4400300,44005,0.685714
4400400,44009,1.0
4500101,45073,0.8
4500101,45077,0.2
4500201,45077,1.0
4500301,45045,1.0
4500302,45045,1.0
4500303,45045,1.0
4500304,45045,1.0
4500305,45045,1.0
4500401,45083,1.0
4500402,45083,1.0
4500403,45083,1.0
4500501,45021,0.551724
4500501,45091,0.448276
4500601,45091,1.0
4500602,45091,1.0
4500700,45023,0.268293
4500700,45039,0.195122
4500700,45057,0.536585
4500800,45059,0.5
4500800,45071,0.25
4500800,45087,0.25
4500901,45007,1.0
4501001,45001,0.259259
4501001,45007,0.740741
4501100,45037,0.205882
4501100,45047,0.529412
4501100,45065,0.088235
4501100,45081,0.176471
4501200,45003,1.0
4501301,45063,1.0
4501302,45063,1.0
4501401,45079,1.0
4501402,45079,1.0
4501403,45079,1.0
4501501,45055,0.62069
4501501,45079,0.37931
4501600,45025,0.341463
4501600,45031,0.463415
4501600,45069,0.195122
4501700,45061,0.257143
4501700,45085,0.742857
4501800,45011,0.156863
4501800,45017,0.078431
4501800,45075,0.764706
4501901,45005,0.0625
4501901,45009,0.125
4501901,45013,0.375
4501901,45029,0.291667
4501901,45049,0.145833
4502001,45013,0.78125
4502001,45053,0.21875
4502100,45035,1.0
4502201,45015,1.0
4502202,45015,1.0
4502301,45019,1.0
4502302,45019,1.0
4502303,45019,1.0
4502400,45027,0.266667
4502400,45043,0.466667
4502400,45089,0.266667
4502500,45041,1.0
4502601,45033,0.310345
4502601,45051,0.413793
4502601,45067,0.275862
4502701,45051,1.0
4502702,45051,1.0
4600100,46019,0.06383
4600100,46033,0.042553
4600100,46063,0.021277
4600100,46081,0.170213
4600100,46093,0.148936
4600100,46103,0.531915
4600100,46105,0.021277
4600200,46007,0.055556
4600200,46017,0.027778
4600200,46023,0.083333
4600200,46031,0.055556
4600200,46041,0.055556
4600200,46047,0.055556
4600200,46053,0.055556
4600200,46055,0.027778
4600200,46065,0.111111
4600200,46069,0.027778
4600200,46071,0.055556
4600200,46075,0.027778
4600200,46085,0.055556
4600200,46095,0.027778
4600200,46102,0.083333
4600200,46117,0.027778
4600200,46119,0.027778
4600200,46121,0.055556
4600200,46123,0.055556
4600200,46137,0.027778
4600300,46013,0.190476
4600300,46021,0.02381
4600300,46025,0.02381
4600300,46029,0.190476
4600300,46037,0.071429
4600300,46039,0.047619
4600300,46045,0.047619
4600300,46049,0.02381
4600300,46051,0.047619
4600300,46057,0.047619
4600300,46089,0.02381
4600300,46091,0.02381
4600300,46107,0.02381
4600300,46109,0.095238
4600300,46115,0.071429
4600300,46129,0.047619
4600400,46003,0.02439
4600400,46005,0.146341
4600400,46009,0.04878
4600400,46011,0.170732
4600400,46015,0.04878
4600400,46035,0.121951
4600400,46043,0.02439
4600400,46059,0.04878
4600400,46061,0.02439
4600400,46067,0.073171
4600400,46073,0.02439
4600400,46077,0.04878
4600400,46079,0.097561
4600400,46097,0.02439
4600400,46101,0.04878
4600400,46111,0.02439
4600501,46027,0.09375
4600501,46083,0.1875
4600501,46087,0.0625
4600501,46099,0.3125
4600501,46125,0.0625
4600501,46127,0.125
4600501,46135,0.15625
4600601,46083,0.159091
4600601,46099,0.840909
4700100,47045,0.30303
4700100,47095,0.060606
4700100,47131,0.30303
4700100,47183,0.333333
4700200,47005,0.125
4700200,47017,0.225
4700200,47079,0.3
4700200,47083,0.075
4700200,47085,0.125
4700200,47161,0.15
4700301,47125,1.0
4700302,47125,1.0
4700401,47147,0.405405
4700401,47165,0.594595
4700501,47165,1.0
4700600,47015,0.16
4700600,47041,0.2
4700600,47087,0.16
4700600,47111,0.2
4700600,47159,0.2
4700600,47169,0.08
4700700,47027,0.066667
4700700,47133,0.266667
4700700,47137,0.066667
4700700,47141,0.6
4700800,47013,0.371429
4700800,47025,0.257143
4700800,47067,0.057143
4700800,47151,0.171429
4700800,47173,0.142857
4700900,47059,0.566667
4700900,47073,0.433333
4701000,47163,1.0
4701101,47019,0.6
4701101,47091,0.166667
4701101,47171,0.133333
4701101,47179,0.1
4701201,47179,1.0
4701300,47057,0.2
4701300,47063,0.4
4701300,47089,0.4
4701400,47029,0.25
4701400,47155,0.75
4701501,47093,1.0
4701502,47093,1.0
4701503,47093,1.0
4701504,47093,1.0
4701600,47009,1.0
4701700,47001,0.487805
4701700,47129,0.121951
4701700,47145,0.390244
4701800,47035,0.607143
4701800,47049,0.178571
4701800,47185,0.214286
4701900,47189,1.0
4702001,47149,1.0
4702002,47149,1.0
4702003,47149,1.0
4702101,47187,1.0
4702102,47187,1.0
4702200,47119,1.0
4702300,47021,0.333333
4702300,47043,0.407407
4702300,47081,0.259259
4702401,47037,1.0
4702402,47037,1.0
4702403,47037,1.0
4702404,47037,1.0
4702405,47037,1.0
4702406,47037,1.0
4702501,47157,1.0
4702502,47157,1.0
4702503,47157,1.0
4702504,47157,1.0
4702505,47157,1.0
4702506,47157,1.0
4702507,47157,1.0
4702508,47157,1.0
4702600,47047,0.458333
4702600,47167,0.541667
4702700,47033,0.135135
4702700,47053,0.459459
4702700,47075,0.162162
4702700,47097,0.243243
4702800,47023,0.151515
4702800,47113,0.848485
4702900,47039,0.147059
4702900,47069,0.176471
4702900,47071,0.235294
4702900,47077,0.205882
4702900,47109,0.235294
4703000,47055,0.310345
4703000,47099,0.37931
4703000,47101,0.068966
4703000,47135,0.103448
4703000,47181,0.137931
4703100,47003,0.4
4703100,47103,0.36
4703100,47117,0.24
4703200,47031,0.586207
4703200,47051,0.344828
4703200,47127,0.068966
4703300,47061,0.148148
4703300,47115,0.259259
4703300,47153,0.148148
4703300,47175,0.074074
4703300,47177,0.37037
4703401,47065,1.0
4703402,47065,1.0
4703403,47065,1.0
4703500,47007,0.148148
4703500,47107,0.518519
4703500,47121,0.111111
4703500,47143,0.222222
4703600,47011,0.806452
4703600,47139,0.193548
4703700,47105,0.538462
4703700,47123,0.461538
4800100,48011,0.016949
4800100,48045,0.016949
4800100,48065,0.033898
4800100,48069,0.050847
4800100,48075,0.033898
4800100,48087,0.016949
4800100,48111,0.033898
4800100,48117,0.067797
4800100,48129,0.033898
4800100,48179,0.118644
4800100,48191,0.016949
4800100,48195,0.033898
4800100,48205,0.016949
4800100,48211,0.016949
4800100,48233,0.135593
4800100,48295,0.033898
4800100,48341,0.101695
4800100,48357,0.050847
4800100,48359,0.016949
4800100,48369,0.033898
4800100,48393,0.016949
4800100,48421,0.016949
4800100,48437,0.050847
4800100,48483,0.033898
4800200,48375,1.0
4800300,48381,1.0
4800400,48017,0.046512
4800400,48079,0.023256
4800400,48107,0.069767
4800400,48125,0.023256
4800400,48153,0.046512
4800400,48169,0.069767
4800400,48189,0.209302
4800400,48219,0.162791
4800400,48269,0.023256
4800400,48279,0.116279
4800400,48305,0.069767
4800400,48345,0.023256
4800400,48445,0.069767
4800400,48501,0.046512
4800501,48303,1.0
4800502,48303,1.0
4800600,48009,0.06383
4800600,48023,0.042553
4800600,48077,0.06383
4800600,48101,0.021277
4800600,48155,0.021277
4800600,48197,0.021277
4800600,48237,0.06383
4800600,48337,0.170213
4800600,48487,0.085106
4800600,48497,0.340426
4800600,48503,0.106383
4800700,48485,1.0
4800800,48097,0.1875
4800800,48147,0.1875
4800800,48181,0.625
4800900,48231,0.42
4800900,48397,0.58
4801000,48119,0.043478
4801000,48159,0.086957
4801000,48223,0.217391
4801000,48277,0.282609
4801000,48343,0.065217
4801000,48387,0.108696
4801000,48449,0.195652
4801100,48037,0.742857
4801100,48067,0.257143
4801200,48203,0.533333
4801200,48315,0.133333
4801200,48459,0.333333
4801300,48063,0.09375
4801300,48379,0.09375
4801300,48467,0.4375
4801300,48499,0.375
4801400,48257,1.0
4801501,48423,1.0
4801502,48423,1.0
4801600,48183,1.0
4801700,48073,0.4
4801700,48365,0.2
4801700,48401,0.4
4801800,48001,0.3
4801800,48213,0.7
4801901,48085,1.0
4801902,48085,1.0
4801903,48085,1.0
4801904,48085,1.0
4801905,48085,1.0
4801907,48085,1.0
4801908,48085,1.0
4801909,48085,1.0
4802001,48121,1.0
4802002,48121,1.0
4802003,48121,1.0
4802004,48121,1.0
4802005,48121,1.0
4802006,48121,1.0
4802101,48139,1.0
4802102,48251,1.0
4802200,48143,0.307692
4802200,48221,0.358974
4802200,48363,0.25641
4802200,48425,0.076923
4802301,48113,1.0
4802302,48113,1.0
4802303,48113,1.0
4802304,48113,1.0
4802305,48113,1.0
4802306,48113,1.0
4802307,48113,1.0
4802308,48113,1.0
4802309,48113,1.0
4802310,48113,1.0
4802311,48113,1.0
4802312,48113,1.0
4802313,48113,1.0
4802314,48113,1.0
4802315,48113,1.0
4802316,48113,1.0
4802317,48113,1.0
4802318,48113,1.0
4802319,48113,1.0
4802320,48113,1.0
4802321,48113,1.0
4802322,48113,1.0
4802400,48367,1.0
4802501,48439,1.0
4802502,48439,1.0
4802503,48439,1.0
4802504,48439,1.0
4802505,48439,1.0
4802506,48439,1.0
4802507,48439,1.0
4802508,48439,1.0
4802509,48439,1.0
4802510,48439,1.0
4802511,48439,1.0
4802512,48439,1.0
4802513,48439,1.0
4802514,48439,1.0
4802515,48439,1.0
4802516,48439,1.0
4802600,48049,0.2
4802600,48059,0.046154
4802600,48083,0.046154
4802600,48093,0.076923
4802600,48133,0.107692
4802600,48151,0.030769
4802600,48207,0.030769
4802600,48253,0.092308
4802600,48263,0.015385
4802600,48275,0.030769
4802600,48335,0.030769
4802600,48353,0.076923
4802600,48399,0.061538
4802600,48415,0.061538
4802600,48417,0.015385
4802600,48429,0.046154
4802600,48433,0.015385
4802600,48447,0.015385
4802700,48441,1.0
4802900,48451,1.0
4803000,48329,1.0
4803100,48135,1.0
4803305,48141,1.0
4803306,48141,1.0
4803307,48141,1.0
4803308,48141,1.0
4803309,48141,1.0
4803310,48141,1.0
4803400,48053,0.272727
4803400,48099,0.345455
4803400,48193,0.054545
4803400,48281,0.109091
4803400,48299,0.145455
4803400,48333,0.036364
4803400,48411,0.036364
4803501,48027,1.0
4803502,48027,1.0
4803600,48051,0.148936
4803600,48185,0.170213
4803600,48289,0.12766
4803600,48313,0.085106
4803600,48331,0.148936
4803600,48395,0.12766
4803600,48477,0.191489
4803700,48035,0.132075
4803700,48145,0.113208
4803700,48161,0.150943
4803700,48217,0.226415
4803700,48293,0.150943
4803700,48349,0.226415
4803801,48309,1.0
4803802,48309,1.0
4803900,48225,0.170213
4803900,48373,0.276596
4803900,48407,0.191489
4803900,48455,0.106383
4803900,48471,0.255319
4804000,48005,0.552632
4804000,48347,0.447368
4804100,48241,0.294118
4804100,48351,0.147059
4804100,48403,0.088235
4804100,48405,0.088235
4804100,48419,0.205882
4804100,48457,0.176471
4804200,48199,0.351351
4804200,48361,0.648649
4804301,48245,1.0
4804302,48245,1.0
4804400,48071,0.32
4804400,48291,0.68
4804501,48339,1.0
4804502,48339,1.0
4804503,48339,1.0
4804504,48339,1.0
4804601,48201,1.0
4804602,48201,1.0
4804603,48201,1.0
4804604,48201,1.0
4804605,48201,1.0
4804606,48201,1.0
4804607,48201,1.0
4804608,48201,1.0
4804609,48201,1.0
4804610,48201,1.0
4804611,48201,1.0
4804612,48201,1.0
4804613,48201,1.0
4804614,48201,1.0
4804615,48201,1.0
4804616,48201,1.0
4804617,48201,1.0
4804618,48201,1.0
4804619,48201,1.0
4804620,48201,1.0
4804621,48201,1.0
4804622,48201,1.0
4804623,48201,1.0
4804624,48201,1.0
4804625,48201,1.0
4804626,48201,1.0
4804627,48201,1.0
4804628,48201,1.0
4804629,48201,1.0
4804630,48201,1.0
4804631,48201,1.0
4804633,48201,1.0
4804634,48201,1.0
4804635,48201,1.0
4804636,48201,1.0
4804637,48201,1.0
4804638,48201,1.0
4804639,48201,1.0
4804640,48201,1.0
4804701,48167,1.0
4804702,48167,1.0
4804801,48039,1.0
4804802,48039,1.0
4804803,48039,1.0
4804901,48157,1.0
4804902,48157,1.0
4804903,48157,1.0
4804904,48157,1.0
4804906,48157,1.0
4804907,48157,1.0
4805000,48015,0.163265
4805000,48089,0.102041
4805000,48321,0.265306
4805000,48473,0.22449
4805000,48481,0.244898
4805100,48021,0.466667
4805100,48055,0.244444
4805100,48149,0.2
4805100,48287,0.088889
4805201,48491,1.0
4805202,48491,1.0
4805203,48491,1.0
4805204,48491,1.0
4805301,48453,1.0
4805302,48453,1.0
4805303,48453,1.0
4805304,48453,1.0
4805305,48453,1.0
4805306,48453,1.0
4805307,48453,1.0
4805308,48453,1.0
4805309,48453,1.0
4805401,48209,1.0
4805402,48209,1.0
4805500,48123,0.15
4805500,48175,0.05
4805500,48177,0.15
4805500,48239,0.075
4805500,48255,0.125
4805500,48285,0.15
4805500,48493,0.3
4805600,48057,0.242424
4805600,48469,0.757576
4805700,48187,1.0
4805800,48091,1.0
4805901,48029,1.0
4805902,48029,1.0
4805903,48029,1.0
4805904,48029,1.0
4805905,48029,1.0
4805906,48029,1.0
4805907,48029,1.0
4805908,48029,1.0
4805909,48029,1.0
4805910,48029,1.0
4805911,48029,1.0
4805912,48029,1.0
4805913,48029,1.0
4805914,48029,1.0
4805915,48029,1.0
4805916,48029,1.0
4806000,48031,0.117647
4806000,48171,0.205882
4806000,48259,0.264706
4806000,48265,0.411765
4806100,48013,0.351351
4806100,48019,0.189189
4806100,48163,0.162162
4806100,48325,0.297297
4806301,48479,1.0
4806302,48479,1.0
4806500,48007,0.289474
4806500,48025,0.236842
4806500,48391,0.052632
4806500,48409,0.421053
4806601,48355,1.0
4806603,48355,1.0
4806604,48355,1.0
4806701,48061,1.0
4806702,48061,1.0
4806703,48061,1.0
4806801,48215,1.0
4806802,48215,1.0
4806803,48215,1.0
4806804,48215,1.0
4806805,48215,1.0
4806806,48215,1.0
4806807,48215,1.0
4807200,48033,0.023256
4807200,48081,0.046512
4807200,48095,0.023256
4807200,48105,0.023256
4807200,48115,0.093023
4807200,48173,0.023256
4807200,48227,0.232558
4807200,48235,0.023256
4807200,48267,0.046512
4807200,48307,0.069767
4807200,48317,0.046512
4807200,48319,0.046512
4807200,48327,0.023256
4807200,48371,0.116279
4807200,48383,0.023256
4807200,48413,0.023256
4807200,48431,0.023256
4807200,48435,0.023256
4807200,48443,0.023256
4807200,48461,0.046512
4807300,48003,0.142857
4807300,48043,0.107143
4807300,48103,0.035714
4807300,48109,0.035714
4807300,48165,0.142857
4807300,48229,0.035714
4807300,48243,0.035714
4807300,48301,0.035714
4807300,48377,0.071429
4807300,48389,0.142857
4807300,48475,0.107143
4807300,48495,0.107143
4807401,48041,1.0
4807402,48041,1.0
4807500,48137,0.025
4807500,48271,0.025
4807500,48323,0.325
4807500,48385,0.025
4807500,48463,0.15
4807500,48465,0.35
4807500,48507,0.1
4807600,48127,0.088235
4807600,48131,0.088235
4807600,48247,0.058824
4807600,48283,0.058824
4807600,48311,0.029412
4807600,48427,0.5
4807600,48505,0.176471
4807700,48047,0.057143
4807700,48249,0.314286
4807700,48261,0.057143
4807700,48273,0.285714
4807700,48297,0.114286
4807700,48489,0.171429
4903000,49003,0.413793
4903000,49045,0.586207
4905000,49005,0.608696
4905000,49029,0.065217
4905000,49033,0.021739
4905000,49043,0.304348
4911002,49011,1.0
4911003,49011,1.0
4911004,49011,1.0
4913000,49007,0.131579
4913000,49009,0.026316
4913000,49013,0.105263
4913000,49015,0.078947
4913000,49019,0.078947
4913000,49037,0.105263
4913000,49047,0.210526
4913000,49051,0.263158
4921000,49001,0.054054
4921000,49017,0.054054
4921000,49021,0.324324
4921000,49023,0.054054
4921000,49025,0.054054
4921000,49027,0.081081
4921000,49031,0.027027
4921000,49039,0.189189
4921000,49041,0.135135
4921000,49055,0.027027
4935008,49035,1.0
4935009,49035,1.0
4935011,49035,1.0
4935012,49035,1.0
4935013,49035,1.0
4935014,49035,1.0
4935015,49035,1.0
4935016,49035,1.0
4935017,49035,1.0
4949001,49049,1.0
4949002,49049,1.0
4949003,49049,1.0
4949004,49049,1.0
4953000,49053,1.0
4957001,49057,1.0
4957002,49057,1.0
5000100,50005,0.232558
5000100,50009,0.069767
5000100,50011,0.255814
5000100,50013,0.046512
5000100,50015,0.162791
5000100,50019,0.232558
5000200,50001,0.25
5000200,50017,0.25
5000200,50023,0.5
5000300,50007,1.0
5000400,50003,0.173913
5000400,50021,0.289855
5000400,50025,0.26087
5000400,50027,0.275362
5101301,51013,1.0
5101302,51013,1.0
5101500,51015,0.418605
5101500,51017,0.046512
5101500,51091,0.023256
5101500,51163,0.139535
5101500,51530,0.046512
5101500,51678,0.046512
5101500,51790,0.162791
5101500,51820,0.116279
5101900,51009,0.294118
5101900,51011,0.117647
5101900,51019,0.588235
5104101,51041,1.0
5104102,51041,1.0
5104103,51041,1.0
5105901,51059,1.0
5105902,51059,1.0
5105904,51059,1.0
5105905,51059,1.0
5105906,51059,1.0
5105907,51059,1.0
5105908,51059,1.0
5106100,51047,0.227273
5106100,51061,0.454545
5106100,51113,0.090909
5106100,51137,0.181818
5106100,51157,0.045455
5106900,51043,0.137931
5106900,51069,0.655172
5106900,51840,0.206897
5107300,51001,0.241935
5107300,51057,0.048387
5107300,51073,0.145161
5107300,51097,0.032258
5107300,51103,0.080645
5107300,51115,0.080645
5107300,51119,0.080645
5107300,51131,0.080645
5107300,51133,0.080645
5107300,51159,0.032258
5107300,51193,0.096774
5108300,51007,0.052632
5108300,51025,0.105263
5108300,51029,0.070175
5108300,51037,0.070175
5108300,51049,0.052632
5108300,51083,0.192982
5108300,51111,0.052632
5108300,51117,0.210526
5108300,51135,0.087719
5108300,51147,0.105263
5108501,51036,0.125
5108501,51085,0.541667
5108501,51101,0.166667
5108501,51127,0.166667
5108701,51087,1.0
5108702,51087,1.0
5109500,51095,0.425
5109500,51199,0.4
5109500,51735,0.1
5109500,51830,0.075
5110701,51107,1.0
5110702,51107,1.0
5110703,51107,1.0
5110901,51003,0.344828
5110901,51065,0.172414
5110901,51109,0.310345
5110901,51125,0.172414
5112100,51063,0.104167
5112100,51071,0.083333
5112100,51121,0.479167
5112100,51155,0.25
5112100,51750,0.083333
5114300,51089,0.233333
5114300,51141,0.1
5114300,51143,0.316667
5114300,51590,0.266667
5114300,51690,0.083333
5114501,51075,0.25
5114501,51085,0.5
5114501,51145,0.25
5114900,51053,0.176471
5114900,51081,0.058824
5114900,51149,0.137255
5114900,51181,0.039216
5114900,51183,0.098039
5114900,51570,0.098039
5114900,51595,0.039216
5114900,51670,0.137255
5114900,51730,0.215686
5115301,51153,1.0
5115302,51153,1.0
5115303,51153,1.0
5116101,51005,0.111111
5116101,51023,0.166667
5116101,51045,0.018519
5116101,51067,0.296296
5116101,51161,0.37037
5116101,51580,0.037037
5116500,51165,0.666667
5116500,51660,0.333333
5117100,51139,0.230769
5117100,51171,0.423077
5117100,51187,0.346154
5117700,51033,0.183673
5117700,51099,0.122449
5117700,51177,0.693878
5117900,51179,0.820513
5117900,51630,0.179487
5118500,51027,0.12069
5118500,51051,0.068966
5118500,51105,0.12069
5118500,51167,0.155172
5118500,51169,0.103448
5118500,51185,0.224138
5118500,51195,0.189655
5118500,51720,0.017241
5119100,51021,0.035714
5119100,51035,0.178571
5119100,51077,0.089286
5119100,51173,0.160714
5119100,51191,0.267857
5119100,51197,0.142857
5119100,51520,0.089286
5119100,51640,0.035714
5151000,51510,1.0
5154001,51003,0.542857
5154001,51079,0.114286
5154001,51540,0.342857
5155001,51550,1.0
5155002,51550,1.0
5160001,51059,0.868421
5160001,51600,0.131579
5161001,51059,0.9
5161001,51610,0.1
5165000,51650,1.0
5168000,51031,0.342857
5168000,51680,0.657143
5168701,51153,0.583333
5168701,51683,0.291667
5168701,51685,0.125
5170000,51700,1.0
5171001,51710,1.0
5171002,51710,1.0
5174001,51550,0.114286
5174001,51740,0.885714
5176001,51760,1.0
5176002,51760,1.0
5177001,51161,0.0625
5177001,51770,0.78125
5177001,51775,0.15625
5180000,51093,0.169811
5180000,51175,0.113208
5180000,51620,0.037736
5180000,51800,0.679245
5181001,51810,1.0
5181002,51810,1.0
5181003,51810,1.0
5320501,53005,0.344828
5320501,53021,0.172414
5320501,53071,0.482759
5320502,53005,1.0
5320503,53005,0.413793
5320503,53021,0.586207
5320700,53007,0.71875
5320700,53017,0.28125
5320900,53009,0.694444
5320900,53031,0.305556
5321101,53011,1.0
5321102,53011,1.0
5321103,53011,1.0
5321104,53011,1.0
5321500,53015,0.697674
5321500,53049,0.27907
5321500,53069,0.023256
5322500,53025,0.621622
5322500,53037,0.378378
5322700,53027,0.525
5322700,53045,0.475
5322900,53029,0.727273
5322900,53055,0.272727
5323301,53033,1.0
5323302,53033,1.0
5323303,53033,1.0
5323304,53033,1.0
5323305,53033,1.0
5323306,53033,1.0
5323307,53033,1.0
5323308,53033,1.0
5323309,53033,1.0
5323310,53033,1.0
5323311,53033,1.0
5323312,53033,1.0
5323313,53033,1.0
5323314,53033,1.0
5323315,53033,1.0
5323316,53033,1.0
5323317,53033,1.0
5323318,53033,1.0
5323501,53035,1.0
5323502,53035,1.0
5324100,53039,0.1875
5324100,53041,0.65625
5324100,53059,0.15625
5325301,53053,1.0
5325302,53053,1.0
5325303,53053,1.0
5325304,53053,1.0
5325305,53053,1.0
5325306,53053,1.0
5325307,53053,1.0
5325308,53053,1.0
5325701,53057,1.0
5326101,53061,1.0
5326102,53061,1.0
5326103,53061,1.0
5326104,53061,1.0
5326105,53061,1.0
5326106,53061,1.0
5326301,53063,1.0
5326302,53063,1.0
5326303,53063,1.0
5326304,53063,1.0
5326500,53019,0.083333
5326500,53047,0.361111
5326500,53051,0.138889
5326500,53065,0.416667
5326701,53067,1.0
5326702,53067,1.0
5327301,53073,1.0
5327302,53073,1.0
5327500,53001,0.225806
5327500,53003,0.193548
5327500,53013,0.032258
5327500,53023,0.032258
5327500,53043,0.129032
5327500,53075,0.387097
5327701,53077,1.0
5327702,53077,1.0
5400100,54009,0.181818
5400100,54029,0.181818
5400100,54051,0.227273
5400100,54069,0.409091
5400200,54017,0.044444
5400200,54073,0.044444
5400200,54085,0.066667
5400200,54095,0.066667
5400200,54103,0.111111
5400200,54105,0.044444
5400200,54107,0.622222
5400300,54049,0.35
5400300,54061,0.466667
5400300,54077,0.183333
5400400,54003,0.634146
5400400,54037,0.365854
5400500,54023,0.083333
5400500,54027,0.25
5400500,54031,0.138889
5400500,54057,0.194444
5400500,54065,0.166667
5400500,54071,0.083333
5400500,54093,0.083333
5400600,54001,0.078431
5400600,54033,0.490196
5400600,54041,0.098039
5400600,54083,0.137255
5400600,54091,0.078431
5400600,54097,0.117647
5400700,54007,0.096774
5400700,54013,0.064516
5400700,54015,0.096774
5400700,54021,0.096774
5400700,54035,0.225806
5400700,54067,0.258065
5400700,54087,0.16129
5400800,54011,0.641509
5400800,54053,0.132075
5400800,54079,0.226415
5400900,54039,1.0
5401000,54019,0.433333
5401000,54081,0.566667
5401100,54025,0.238095
5401100,54055,0.380952
5401100,54063,0.071429
5401100,54075,0.119048
5401100,54089,0.095238
5401100,54101,0.095238
5401200,54005,0.142857
5401200,54043,0.107143
5401200,54045,0.178571
5401200,54047,0.142857
5401200,54059,0.125
5401200,54099,0.196429
5401200,54109,0.107143
5500100,55003,0.112676
5500100,55007,0.098592
5500100,55013,0.084507
5500100,55031,0.211268
5500100,55051,0.056338
5500100,55099,0.084507
5500100,55107,0.070423
5500100,55113,0.112676
5500100,55119,0.084507
5500100,55129,0.084507
5500200,55041,0.088889
5500200,55067,0.155556
5500200,55069,0.222222
5500200,55085,0.355556
5500200,55125,0.177778
5500300,55037,0.071429
5500300,55075,0.309524
5500300,55078,0.071429
5500300,55083,0.285714
5500300,55115,0.261905
5500400,55087,1.0
5500501,55009,1.0
5500502,55009,1.0
5500600,55029,0.277778
5500600,55061,0.166667
5500600,55071,0.555556
5500700,55117,1.0
5500800,55015,0.323529
5500800,55039,0.676471
5500900,55139,1.0
5501000,55047,0.193548
5501000,55077,0.16129
5501000,55135,0.387097
5501000,55137,0.258065
5501100,55001,0.2
5501100,55097,0.375
5501100,55141,0.425
5501200,55073,1.0
5501300,55005,0.3
5501300,55017,0.15
5501300,55019,0.2
5501300,55095,0.35
5501400,55017,0.214286
5501400,55035,0.785714
5501500,55033,0.333333
5501500,55109,0.666667
5501600,55011,0.178571
5501600,55053,0.178571
5501600,55091,0.071429
5501600,55093,0.285714
5501600,55121,0.285714
5501700,55063,1.0
5501800,55023,0.2
5501800,55057,0.266667
5501800,55081,0.3
5501800,55123,0.233333
5501900,55043,0.333333
5501900,55045,0.222222
5501900,55049,0.166667
5501900,55065,0.138889
5501900,55103,0.138889
5502000,55021,0.351351
5502000,55111,0.648649
5502101,55025,1.0
5502102,55025,1.0
5502103,55025,1.0
5502104,55025,1.0
5502105,55025,1.0
5502200,55105,1.0
5502300,55027,0.487805
5502300,55055,0.512195
5502400,55127,1.0
5502501,55133,1.0
5502502,55133,1.0
5502503,55133,1.0
5502600,55089,0.423077
5502600,55131,0.576923
5502801,55079,1.0
5502802,55079,1.0
5502803,55079,1.0
5502804,55079,1.0
5502805,55079,1.0
5502806,55079,1.0
5502807,55079,1.0
5502808,55079,1.0
5502900,55101,1.0
5503000,55059,1.0
5600100,56003,0.103448
5600100,56023,0.172414
5600100,56029,0.241379
5600100,56033,0.241379
5600100,56039,0.241379
5600200,56005,0.357143
5600200,56011,0.071429
5600200,56015,0.142857
5600200,56019,0.107143
5600200,56027,0.035714
5600200,56031,0.107143
5600200,56043,0.107143
5600200,56045,0.071429
5600300,56021,1.0
5600400,56001,0.275
5600400,56007,0.125
5600400,56009,0.1
5600400,56025,0.5
5600500,56013,0.333333
5600500,56017,0.055556
5600500,56035,0.083333
5600500,56037,0.361111
5600500,56041,0.166667
6600100,66010,1.0
7200100,72003,0.243902
7200100,72005,0.414634
7200100,72099,0.195122
7200100,72117,0.146341
7200200,72011,0.205128
7200200,72067,0.128205
7200200,72097,0.666667
7200300,72023,0.535714
7200300,72079,0.214286
7200300,72125,0.25
7200400,72055,0.210526
7200400,72059,0.157895
7200400,72111,0.184211
7200400,72121,0.157895
7200400,72153,0.289474
7200500,72113,1.0
7200600,72043,0.264706
7200600,72075,0.382353
7200600,72133,0.176471
7200600,72149,0.176471
7200700,72015,0.151515
7200700,72057,0.30303
7200700,72095,0.121212
7200700,72109,0.151515
7200700,72123,0.272727
7200800,72037,0.081633
7200800,72049,0.040816
7200800,72053,0.22449
7200800,72069,0.285714
7200800,72103,0.102041
7200800,72147,0.061224
7200800,72151,0.204082
7200900,72029,0.285714
7200900,72087,0.261905
7200900,72089,0.142857
7200900,72119,0.309524
7201000,72031,1.0
7201101,72127,1.0
7201102,72127,1.0
7201200,72033,0.372093
7201200,72061,0.627907
7201300,72021,1.0
7201400,72051,0.272727
7201400,72137,0.727273
7201500,72047,0.25
7201500,72105,0.208333
7201500,72135,0.541667
7201600,72101,0.225806
7201600,72143,0.322581
7201600,72145,0.451613
7201700,72013,0.595238
7201700,72017,0.119048
7201700,72054,0.047619
7201700,72091,0.238095
7201800,72027,0.25
7201800,72065,0.21875
7201800,72071,0.375
7201800,72115,0.15625
7201900,72001,0.12
7201900,72039,0.08
7201900,72073,0.06
7201900,72081,0.16
7201900,72083,0.06
7201900,72093,0.04
7201900,72107,0.14
7201900,72131,0.18
7201900,72141,0.16
7202000,72007,0.136364
7202000,72009,0.136364
7202000,72019,0.136364
7202000,72035,0.25
7202000,72041,0.227273
7202000,72045,0.113636
7202100,72025,1.0
7202200,72063,0.392857
7202200,72139,0.607143
7202300,72077,0.291667
7202300,72085,0.333333
7202300,72129,0.375
